county_fips,PCT_obese_adults_2008,PCT_obese_adults_2013,PCT_obese_adults_average,PCT_obese_adults_change
1001,31.5,34.1,32.8,2.6
1003,26.2,27.4,26.8,1.2
1005,37.6,44.4,41.0,6.8
1007,32.3,40.3,36.3,8.0
1009,31.9,34.6,33.25,2.7
1011,37.8,43.0,40.4,5.2
1013,36.8,36.3,36.55,-0.5
1015,33.5,32.2,32.85,-1.3
1017,35.5,39.7,37.6,4.2
1019,31.5,33.6,32.55,2.1
1021,34.8,35.9,35.35,1.1
1023,36.5,40.8,38.65,4.3
1025,36.0,38.2,37.1,2.2
1027,32.2,37.3,34.75,5.1
1029,28.8,30.0,29.4,1.2
1031,32.7,33.7,33.2,1.0
1033,34.7,37.5,36.1,2.8
1035,32.1,36.4,34.25,4.3
1037,33.2,39.7,36.45,6.5
1039,33.8,34.0,33.9,0.2
1041,33.6,39.7,36.65,6.1
1043,30.1,33.4,31.75,3.3
1045,34.4,36.5,35.45,2.1
1047,39.9,40.8,40.35,0.9
1049,31.7,30.4,31.05,-1.3
1051,29.0,35.4,32.2,6.4
1053,34.4,37.7,36.05,3.3
1055,30.8,35.1,32.95,4.3
1057,32.3,33.7,33.0,1.4
1059,29.5,33.2,31.35,3.7
1061,32.0,34.1,33.05,2.1
1063,43.7,46.3,45.0,2.6
1065,40.2,40.4,40.3,0.2
1067,33.8,35.8,34.8,2.0
1069,33.2,32.8,33.0,-0.4
1071,31.6,32.0,31.8,0.4
1073,31.4,33.2,32.3,1.8
1075,30.8,33.6,32.2,2.8
1077,29.1,32.9,31.0,3.8
1079,32.8,35.5,34.15,2.7
1081,30.1,29.0,29.55,-1.1
1083,29.1,32.9,31.0,3.8
1085,40.6,45.1,42.85,4.5
1087,40.0,44.7,42.35,4.7
1089,30.6,32.3,31.45,1.7
1091,37.6,40.3,38.95,2.7
1093,28.6,35.5,32.05,6.9
1095,26.5,33.2,29.85,6.7
1097,30.3,37.1,33.7,6.8
1099,35.4,35.3,35.35,-0.1
1101,34.0,34.8,34.4,0.8
1103,34.8,31.6,33.2,-3.2
1105,40.7,43.0,41.85,2.3
1107,34.8,36.4,35.6,1.6
1109,35.1,38.4,36.75,3.3
1111,31.9,30.9,31.4,-1.0
1113,36.7,36.4,36.55,-0.3
1115,33.7,33.0,33.35,-0.7
1117,28.4,30.1,29.25,1.7
1119,40.8,40.3,40.55,-0.5
1121,34.0,39.0,36.5,5.0
1123,33.9,36.9,35.4,3.0
1125,33.1,34.3,33.7,1.2
1127,33.1,33.2,33.15,0.1
1129,34.9,40.2,37.55,5.3
1131,40.8,44.9,42.85,4.1
1133,29.3,30.2,29.75,0.9
2013,28.4,33.4,30.9,5.0
2016,30.0,39.4,34.7,9.4
2020,26.5,27.0,26.75,0.5
2050,31.9,30.3,31.1,-1.6
2060,32.6,39.7,36.15,7.1
2068,29.8,27.0,28.4,-2.8
2070,38.5,38.0,38.25,-0.5
2090,25.5,28.1,26.8,2.6
2100,29.4,25.5,27.45,-3.9
2105,,31.8,,
2110,26.7,28.6,27.65,1.9
2122,29.9,28.4,29.15,-1.5
2130,34.0,30.8,32.4,-3.2
2150,26.2,30.2,28.2,4.0
2164,34.3,31.9,33.1,-2.4
2170,27.9,30.2,29.05,2.3
2180,33.0,31.7,32.35,-1.3
2185,37.7,36.5,37.1,-1.2
2188,31.3,32.4,31.85,1.1
2195,,30.5,,
2198,,35.2,,
2220,30.5,28.7,29.6,-1.8
2230,,28.1,,
2240,31.4,33.1,32.25,1.7
2261,32.9,30.4,31.65,-2.5
2270,32.5,32.6,32.55,0.1
2275,,30.6,,
2282,29.2,31.3,30.25,2.1
2290,32.2,28.3,30.25,-3.9
4001,31.7,35.2,33.45,3.5
4003,23.3,26.0,24.65,2.7
4005,20.8,23.2,22.0,2.4
4007,25.8,27.5,26.65,1.7
4009,30.1,32.5,31.3,2.4
4011,32.8,34.7,33.75,1.9
4012,28.6,32.0,30.3,3.4
4013,23.1,25.4,24.25,2.3
4015,27.0,29.6,28.3,2.6
4017,27.6,30.9,29.25,3.3
4019,23.5,24.2,23.85,0.7
4021,29.0,31.6,30.3,2.6
4023,21.0,23.0,22.0,2.0
4025,20.1,25.3,22.7,5.2
4027,26.6,30.5,28.55,3.9
5001,34.8,33.8,34.3,-1.0
5003,35.7,42.1,38.9,6.4
5005,26.6,32.3,29.45,5.7
5007,28.0,30.1,29.05,2.1
5009,28.2,33.9,31.05,5.7
5011,32.2,39.0,35.6,6.8
5013,32.2,34.2,33.2,2.0
5015,25.5,35.8,30.65,10.3
5017,35.8,43.1,39.45,7.3
5019,31.3,34.3,32.8,3.0
5021,30.8,33.7,32.25,2.9
5023,28.4,31.8,30.1,3.4
5025,31.7,35.7,33.7,4.0
5027,31.8,36.4,34.1,4.6
5029,29.5,39.7,34.6,10.2
5031,31.9,36.4,34.15,4.5
5033,30.1,35.1,32.6,5.0
5035,36.4,38.8,37.6,2.4
5037,31.4,37.9,34.65,6.5
5039,34.0,36.2,35.1,2.2
5041,35.6,39.6,37.6,4.0
5043,31.8,34.3,33.05,2.5
5045,29.4,33.2,31.3,3.8
5047,32.9,37.1,35.0,4.2
5049,28.8,32.9,30.85,4.1
5051,27.1,32.3,29.7,5.2
5053,32.4,38.3,35.35,5.9
5055,30.7,31.2,30.95,0.5
5057,33.4,40.3,36.85,6.9
5059,32.5,34.7,33.6,2.2
5061,32.3,35.7,34.0,3.4
5063,29.0,37.2,33.1,8.2
5065,27.1,33.9,30.5,6.8
5067,31.2,37.2,34.2,6.0
5069,37.4,40.7,39.05,3.3
5071,30.7,36.4,33.55,5.7
5073,32.2,36.3,34.25,4.1
5075,32.1,31.8,31.95,-0.3
5077,35.6,35.7,35.65,0.1
5079,33.8,37.5,35.65,3.7
5081,33.1,32.7,32.9,-0.4
5083,28.4,37.5,32.95,9.1
5085,32.4,35.8,34.1,3.4
5087,29.1,34.0,31.55,4.9
5089,30.2,31.7,30.95,1.5
5091,36.1,35.9,36.0,-0.2
5093,34.7,39.8,37.25,5.1
5095,32.1,37.5,34.8,5.4
5097,27.7,33.8,30.75,6.1
5099,31.3,36.0,33.65,4.7
5101,31.0,34.2,32.6,3.2
5103,33.5,34.8,34.15,1.3
5105,28.9,37.5,33.2,8.6
5107,38.2,45.5,41.85,7.3
5109,29.0,37.8,33.4,8.8
5111,34.1,38.4,36.25,4.3
5113,31.9,36.7,34.3,4.8
5115,31.1,32.1,31.6,1.0
5117,30.3,36.3,33.3,6.0
5119,28.3,31.7,30.0,3.4
5121,30.3,35.3,32.8,5.0
5123,34.8,42.5,38.65,7.7
5125,29.6,32.5,31.05,2.9
5127,31.2,32.5,31.85,1.3
5129,30.1,35.0,32.55,4.9
5131,29.8,36.9,33.35,7.1
5133,32.8,36.7,34.75,3.9
5135,26.7,37.3,32.0,10.6
5137,29.7,32.6,31.15,2.9
5139,29.7,39.4,34.55,9.7
5141,29.2,35.6,32.4,6.4
5143,27.4,30.6,29.0,3.2
5145,29.0,36.3,32.65,7.3
5147,32.3,35.8,34.05,3.5
5149,32.9,37.1,35.0,4.2
6001,19.5,20.0,19.75,0.5
6003,24.6,23.4,24.0,-1.2
6005,24.6,25.5,25.05,0.9
6007,24.4,25.9,25.15,1.5
6009,24.4,23.5,23.95,-0.9
6011,24.6,25.4,25.0,0.8
6013,24.6,25.0,24.8,0.4
6015,28.5,25.5,27.0,-3.0
6017,20.3,20.6,20.45,0.3
6019,28.4,26.6,27.5,-1.8
6021,28.5,26.7,27.6,-1.8
6023,25.1,25.5,25.3,0.4
6025,26.7,26.3,26.5,-0.4
6027,22.7,23.3,23.0,0.6
6029,29.0,30.3,29.65,1.3
6031,29.4,26.4,27.9,-3.0
6033,25.8,26.2,26.0,0.4
6035,28.4,23.9,26.15,-4.5
6037,20.9,21.4,21.15,0.5
6039,28.7,26.5,27.6,-2.2
6041,16.3,18.9,17.6,2.6
6043,23.8,24.4,24.1,0.6
6045,21.0,22.4,21.7,1.4
6047,31.4,29.5,30.45,-1.9
6049,22.8,23.2,23.0,0.4
6051,20.7,22.8,21.75,2.1
6053,22.7,22.3,22.5,-0.4
6055,22.0,23.7,22.85,1.7
6057,21.3,21.1,21.2,-0.2
6059,18.8,19.7,19.25,0.9
6061,18.9,21.7,20.3,2.8
6063,23.1,23.0,23.05,-0.1
6065,26.2,26.0,26.1,-0.2
6067,26.7,27.4,27.05,0.7
6069,25.0,23.3,24.15,-1.7
6071,28.6,27.9,28.25,-0.7
6073,21.7,19.1,20.4,-2.6
6075,16.3,16.1,16.2,-0.2
6077,30.3,28.3,29.3,-2.0
6079,21.6,24.5,23.05,2.9
6081,19.4,21.1,20.25,1.7
6083,19.0,18.2,18.6,-0.8
6085,20.2,19.5,19.85,-0.7
6087,17.1,20.2,18.65,3.1
6089,27.2,26.5,26.85,-0.7
6091,24.3,22.5,23.4,-1.8
6093,25.3,23.2,24.25,-2.1
6095,28.0,30.1,29.05,2.1
6097,20.0,20.9,20.45,0.9
6099,30.2,32.6,31.4,2.4
6101,25.3,28.7,27.0,3.4
6103,23.5,27.2,25.35,3.7
6105,23.3,25.1,24.2,1.8
6107,31.6,32.6,32.1,1.0
6109,22.2,20.2,21.2,-2.0
6111,23.5,20.3,21.9,-3.2
6113,27.2,22.7,24.95,-4.5
6115,31.7,24.8,28.25,-6.9
8001,24.3,26.3,25.3,2.0
8003,21.0,23.0,22.0,2.0
8005,18.6,21.4,20.0,2.8
8007,15.7,16.5,16.1,0.8
8009,25.2,19.4,22.3,-5.8
8011,21.4,26.5,23.95,5.1
8013,13.2,13.4,13.3,0.2
8014,20.2,17.6,18.9,-2.6
8015,14.9,20.5,17.7,5.6
8017,18.7,23.7,21.2,5.0
8019,21.6,18.1,19.85,-3.5
8021,17.3,24.5,20.9,7.2
8023,19.1,21.9,20.5,2.8
8025,20.0,21.6,20.8,1.6
8027,17.7,20.5,19.1,2.8
8029,18.8,20.4,19.6,1.6
8031,17.0,16.4,16.7,-0.6
8033,19.7,19.8,19.75,0.1
8035,16.0,17.0,16.5,1.0
8037,12.9,11.8,12.35,-1.1
8039,19.4,19.6,19.5,0.2
8041,19.5,22.3,20.9,2.8
8043,21.2,22.8,22.0,1.6
8045,14.8,20.0,17.4,5.2
8047,17.4,19.7,18.55,2.3
8049,17.4,17.4,17.4,0.0
8051,14.9,14.8,14.85,-0.1
8053,18.0,20.5,19.25,2.5
8055,18.8,20.1,19.45,1.3
8057,21.6,21.4,21.5,-0.2
8059,17.7,18.3,18.0,0.6
8061,19.5,19.5,19.5,0.0
8063,24.9,27.6,26.25,2.7
8065,18.1,17.5,17.8,-0.6
8067,14.3,16.3,15.3,2.0
8069,17.0,18.7,17.85,1.7
8071,21.4,21.0,21.2,-0.4
8073,21.6,23.8,22.7,2.2
8075,22.6,25.4,24.0,2.8
8077,20.4,23.5,21.95,3.1
8079,18.8,18.1,18.45,-0.7
8081,20.6,25.8,23.2,5.2
8083,21.2,21.7,21.45,0.5
8085,16.4,19.7,18.05,3.3
8087,23.5,26.9,25.2,3.4
8089,24.6,26.9,25.75,2.3
8091,18.2,18.6,18.4,0.4
8093,16.6,20.5,18.55,3.9
8095,20.9,22.8,21.85,1.9
8097,13.7,14.9,14.3,1.2
8099,20.2,26.1,23.15,5.9
8101,23.3,25.9,24.6,2.6
8103,16.5,22.6,19.55,6.1
8105,19.5,23.2,21.35,3.7
8107,11.7,14.3,13.0,2.6
8109,20.7,19.7,20.2,-1.0
8111,18.3,19.3,18.8,1.0
8113,15.3,16.7,16.0,1.4
8115,21.4,22.1,21.75,0.7
8117,13.0,13.1,13.05,0.1
8119,18.0,20.3,19.15,2.3
8121,21.7,23.2,22.45,1.5
8123,23.9,26.0,24.95,2.1
8125,22.6,24.8,23.7,2.2
9001,18.4,21.4,19.9,3.0
9003,22.6,26.8,24.7,4.2
9005,20.3,23.9,22.1,3.6
9007,22.8,24.1,23.45,1.3
9009,25.3,26.5,25.9,1.2
9011,23.5,27.6,25.55,4.1
9013,22.5,24.8,23.65,2.3
9015,28.4,29.6,29.0,1.2
10001,32.4,32.8,32.6,0.4
10003,27.2,27.7,27.45,0.5
10005,28.9,31.0,29.95,2.1
11001,21.2,22.4,21.8,1.2
12001,25.9,25.6,25.75,-0.3
12003,30.6,35.8,33.2,5.2
12005,25.5,29.9,27.7,4.4
12007,33.1,35.9,34.5,2.8
12009,25.1,25.6,25.35,0.5
12011,22.2,24.4,23.3,2.2
12013,29.8,39.4,34.6,9.6
12015,25.3,25.7,25.5,0.4
12017,28.6,26.3,27.45,-2.3
12019,27.5,29.7,28.6,2.2
12021,21.2,19.5,20.35,-1.7
12023,29.2,36.3,32.75,7.1
12027,29.6,36.0,32.8,6.4
12029,30.5,30.6,30.55,0.1
12031,27.3,30.6,28.95,3.3
12033,28.5,28.9,28.7,0.4
12035,25.5,24.2,24.85,-1.3
12037,27.3,32.2,29.75,4.9
12039,34.0,36.5,35.25,2.5
12041,30.7,31.5,31.1,0.8
12043,31.7,33.1,32.4,1.4
12045,26.0,30.9,28.45,4.9
12047,32.0,33.2,32.6,1.2
12049,35.4,33.9,34.65,-1.5
12051,31.9,35.2,33.55,3.3
12053,25.3,32.1,28.7,6.8
12055,25.8,31.0,28.4,5.2
12057,26.1,28.3,27.2,2.2
12059,29.5,31.6,30.55,2.1
12061,21.1,24.5,22.8,3.4
12063,31.1,34.7,32.9,3.6
12065,30.1,32.2,31.15,2.1
12067,31.6,35.3,33.45,3.7
12069,24.4,29.3,26.85,4.9
12071,24.9,24.6,24.75,-0.3
12073,27.3,26.4,26.85,-0.9
12075,29.1,32.2,30.65,3.1
12077,33.9,39.6,36.75,5.7
12079,32.0,34.1,33.05,2.1
12081,23.8,25.3,24.55,1.5
12083,26.0,29.2,27.6,3.2
12085,20.2,21.3,20.75,1.1
12086,22.4,21.0,21.7,-1.4
12087,20.1,22.0,21.05,1.9
12089,25.6,28.6,27.1,3.0
12091,24.1,26.4,25.25,2.3
12093,29.5,31.0,30.25,1.5
12095,23.7,24.9,24.3,1.2
12097,26.3,29.1,27.7,2.8
12099,20.4,21.5,20.95,1.1
12101,24.0,31.1,27.55,7.1
12103,25.8,25.5,25.65,-0.3
12105,29.9,32.3,31.1,2.4
12107,30.1,36.1,33.1,6.0
12109,21.8,21.9,21.85,0.1
12111,25.6,27.9,26.75,2.3
12113,23.1,26.1,24.6,3.0
12115,19.7,20.6,20.15,0.9
12117,24.2,24.6,24.4,0.4
12119,26.7,26.9,26.8,0.2
12121,31.5,33.3,32.4,1.8
12123,30.9,38.9,34.9,8.0
12125,34.2,37.1,35.65,2.9
12127,24.1,26.0,25.05,1.9
12129,29.6,36.4,33.0,6.8
12131,25.3,27.5,26.4,2.2
12133,29.3,38.5,33.9,9.2
13001,30.6,34.8,32.7,4.2
13003,29.4,35.3,32.35,5.9
13005,29.0,32.7,30.85,3.7
13007,32.7,30.0,31.35,-2.7
13009,32.0,36.8,34.4,4.8
13011,27.9,27.0,27.45,-0.9
13013,28.9,34.6,31.75,5.7
13015,28.7,35.2,31.95,6.5
13017,31.7,35.3,33.5,3.6
13019,30.9,34.7,32.8,3.8
13021,30.6,31.3,30.95,0.7
13023,29.7,30.4,30.05,0.7
13025,28.2,33.1,30.65,4.9
13027,31.5,33.5,32.5,2.0
13029,28.7,29.3,29.0,0.6
13031,30.4,33.5,31.95,3.1
13033,33.9,32.0,32.95,-1.9
13035,29.9,28.7,29.3,-1.2
13037,33.4,34.4,33.9,1.0
13039,27.6,31.5,29.55,3.9
13043,30.1,30.3,30.2,0.2
13045,31.3,31.7,31.5,0.4
13047,29.9,27.8,28.85,-2.1
13049,29.6,32.0,30.8,2.4
13051,28.8,31.3,30.05,2.5
13053,30.8,27.3,29.05,-3.5
13055,27.4,34.0,30.7,6.6
13057,24.5,26.9,25.7,2.4
13059,26.9,25.3,26.1,-1.6
13061,33.4,29.8,31.6,-3.6
13063,33.7,38.0,35.85,4.3
13065,29.9,29.6,29.75,-0.3
13067,24.2,22.9,23.55,-1.3
13069,29.8,34.8,32.3,5.0
13071,31.6,35.2,33.4,3.6
13073,27.1,30.3,28.7,3.2
13075,31.4,31.4,31.4,0.0
13077,28.4,26.8,27.6,-1.6
13079,30.0,27.3,28.65,-2.7
13081,31.6,31.1,31.35,-0.5
13083,26.4,32.3,29.35,5.9
13085,26.8,27.7,27.25,0.9
13087,31.6,30.0,30.8,-1.6
13089,26.7,27.3,27.0,0.6
13091,32.0,28.5,30.25,-3.5
13093,33.3,34.7,34.0,1.4
13095,32.6,34.4,33.5,1.8
13097,29.4,32.3,30.85,2.9
13099,30.6,31.5,31.05,0.9
13101,28.7,28.3,28.5,-0.4
13103,31.4,35.2,33.3,3.8
13105,31.7,31.1,31.4,-0.6
13107,31.8,36.3,34.05,4.5
13109,30.2,33.5,31.85,3.3
13111,26.3,25.9,26.1,-0.4
13113,25.4,31.1,28.25,5.7
13115,30.6,31.0,30.8,0.4
13117,24.4,29.4,26.9,5.0
13119,27.1,29.5,28.3,2.4
13121,23.5,23.9,23.7,0.4
13123,26.9,29.7,28.3,2.8
13125,27.1,28.6,27.85,1.5
13127,28.4,26.2,27.3,-2.2
13129,28.8,29.3,29.05,0.5
13131,31.4,33.0,32.2,1.6
13133,30.9,29.7,30.3,-1.2
13135,26.3,29.5,27.9,3.2
13137,27.5,31.7,29.6,4.2
13139,27.2,25.7,26.45,-1.5
13141,35.2,31.2,33.2,-4.0
13143,27.8,27.3,27.55,-0.5
13145,29.7,28.4,29.05,-1.3
13147,28.3,29.9,29.1,1.6
13149,28.0,30.2,29.1,2.2
13151,28.7,33.1,30.9,4.4
13153,29.6,31.0,30.3,1.4
13155,31.5,29.2,30.35,-2.3
13157,26.9,27.4,27.15,0.5
13159,29.7,29.3,29.5,-0.4
13161,29.2,30.0,29.6,0.8
13163,35.1,35.3,35.2,0.2
13165,32.3,29.9,31.1,-2.4
13167,32.6,34.0,33.3,1.4
13169,29.1,33.5,31.3,4.4
13171,29.8,30.6,30.2,0.8
13173,29.9,33.2,31.55,3.3
13175,32.7,36.2,34.45,3.5
13177,28.2,31.2,29.7,3.0
13179,31.0,34.9,32.95,3.9
13181,30.5,29.0,29.75,-1.5
13183,30.1,31.4,30.75,1.3
13185,32.1,31.3,31.7,-0.8
13187,26.8,30.7,28.75,3.9
13189,29.7,33.4,31.55,3.7
13191,29.1,30.9,30.0,1.8
13193,32.6,36.4,34.5,3.8
13195,29.1,31.9,30.5,2.8
13197,30.2,32.9,31.55,2.7
13199,30.3,34.6,32.45,4.3
13201,30.2,30.3,30.25,0.1
13205,31.9,33.6,32.75,1.7
13207,29.5,31.9,30.7,2.4
13209,30.3,36.2,33.25,5.9
13211,28.3,26.5,27.4,-1.8
13213,28.8,32.5,30.65,3.7
13215,31.4,28.8,30.1,-2.6
13217,32.2,32.9,32.55,0.7
13219,28.2,28.8,28.5,0.6
13221,29.0,30.1,29.55,1.1
13223,27.3,28.6,27.95,1.3
13225,30.2,34.4,32.3,4.2
13227,25.1,26.7,25.9,1.6
13229,29.0,28.5,28.75,-0.5
13231,28.4,26.2,27.3,-2.2
13233,28.0,34.5,31.25,6.5
13235,30.6,31.7,31.15,1.1
13237,29.2,30.0,29.6,0.8
13239,32.0,34.0,33.0,2.0
13241,25.8,29.4,27.6,3.6
13243,33.7,33.7,33.7,0.0
13245,33.3,34.1,33.7,0.8
13247,30.3,36.0,33.15,5.7
13249,30.0,30.4,30.2,0.4
13251,31.1,33.0,32.05,1.9
13253,30.4,30.7,30.55,0.3
13255,31.7,32.4,32.05,0.7
13257,32.6,30.1,31.35,-2.5
13259,33.3,34.2,33.75,0.9
13261,30.3,32.7,31.5,2.4
13263,33.3,33.3,33.3,0.0
13265,32.2,31.4,31.8,-0.8
13267,30.7,33.1,31.9,2.4
13269,31.7,28.8,30.25,-2.9
13271,30.0,30.9,30.45,0.9
13273,34.5,31.6,33.05,-2.9
13275,31.4,34.0,32.7,2.6
13277,34.1,34.0,34.05,-0.1
13279,29.7,31.5,30.6,1.8
13281,26.1,27.4,26.75,1.3
13283,31.2,32.9,32.05,1.7
13285,31.4,30.0,30.7,-1.4
13287,31.8,34.6,33.2,2.8
13289,31.2,32.8,32.0,1.6
13291,27.2,27.2,27.2,0.0
13293,29.9,32.0,30.95,2.1
13295,29.6,32.1,30.85,2.5
13297,27.5,34.4,30.95,6.9
13299,29.2,35.5,32.35,6.3
13301,31.8,32.0,31.9,0.2
13303,32.1,32.2,32.15,0.1
13305,30.2,31.8,31.0,1.6
13307,31.6,32.1,31.85,0.5
13309,31.4,31.9,31.65,0.5
13311,27.0,28.6,27.8,1.6
13313,29.0,33.5,31.25,4.5
13315,32.2,31.5,31.85,-0.7
13317,30.3,32.9,31.6,2.6
13319,31.4,34.5,32.95,3.1
13321,30.3,36.7,33.5,6.4
15001,22.2,22.7,22.45,0.5
15003,20.8,22.3,21.55,1.5
15005,23.6,21.5,22.55,-2.1
15007,20.5,20.6,20.55,0.1
15009,22.9,22.4,22.65,-0.5
16001,22.0,25.4,23.7,3.4
16003,29.4,27.6,28.5,-1.8
16005,29.2,28.1,28.65,-1.1
16007,23.2,28.7,25.95,5.5
16009,27.2,30.1,28.65,2.9
16011,29.6,33.3,31.45,3.7
16013,15.4,19.2,17.3,3.8
16015,28.9,22.4,25.65,-6.5
16017,21.7,24.7,23.2,3.0
16019,25.9,29.4,27.65,3.5
16021,25.2,27.3,26.25,2.1
16023,27.2,28.5,27.85,1.3
16025,25.2,25.7,25.45,0.5
16027,29.5,33.4,31.45,3.9
16029,24.3,27.5,25.9,3.2
16031,29.9,30.5,30.2,0.6
16033,26.9,31.4,29.15,4.5
16035,27.0,30.6,28.8,3.6
16037,25.8,26.3,26.05,0.5
16039,29.5,29.8,29.65,0.3
16041,29.0,30.7,29.85,1.7
16043,21.5,28.9,25.2,7.4
16045,29.5,28.5,29.0,-1.0
16047,27.5,30.0,28.75,2.5
16049,29.3,25.7,27.5,-3.6
16051,27.8,32.7,30.25,4.9
16053,27.7,33.3,30.5,5.6
16055,24.5,25.0,24.75,0.5
16057,24.0,24.3,24.15,0.3
16059,25.7,26.8,26.25,1.1
16061,27.4,29.7,28.55,2.3
16063,29.6,32.3,30.95,2.7
16065,24.3,24.5,24.4,0.2
16067,30.0,34.2,32.1,4.2
16069,29.7,30.9,30.3,1.2
16071,26.7,31.3,29.0,4.6
16073,26.5,30.4,28.45,3.9
16075,27.4,33.3,30.35,5.9
16077,26.8,32.1,29.45,5.3
16079,29.8,31.1,30.45,1.3
16081,20.5,24.1,22.3,3.6
16083,25.7,27.6,26.65,1.9
16085,27.4,24.1,25.75,-3.3
16087,25.2,30.3,27.75,5.1
17001,26.5,37.0,31.75,10.5
17003,28.2,28.4,28.3,0.2
17005,27.9,29.6,28.75,1.7
17007,27.0,33.7,30.35,6.7
17009,28.1,27.6,27.85,-0.5
17011,26.7,29.1,27.9,2.4
17013,26.7,29.1,27.9,2.4
17015,26.7,28.6,27.65,1.9
17017,27.6,28.0,27.8,0.4
17019,26.8,25.1,25.95,-1.7
17021,27.1,31.7,29.4,4.6
17023,27.4,32.7,30.05,5.3
17025,27.4,31.0,29.2,3.6
17027,27.6,29.5,28.55,1.9
17029,26.6,26.3,26.45,-0.3
17031,25.2,25.3,25.25,0.1
17033,27.2,31.3,29.25,4.1
17035,27.4,27.8,27.6,0.4
17037,26.6,28.3,27.45,1.7
17039,26.8,30.5,28.65,3.7
17041,28.3,30.5,29.4,2.2
17043,24.6,23.0,23.8,-1.6
17045,27.5,30.3,28.9,2.8
17047,27.2,31.3,29.25,4.1
17049,27.1,31.8,29.45,4.7
17051,26.9,33.0,29.95,6.1
17053,27.5,28.2,27.85,0.7
17055,27.0,30.2,28.6,3.2
17057,27.4,30.7,29.05,3.3
17059,26.7,28.4,27.55,1.7
17061,28.2,28.7,28.45,0.5
17063,28.4,30.4,29.4,2.0
17065,27.0,28.2,27.6,1.2
17067,26.6,28.6,27.6,2.0
17069,27.2,30.6,28.9,3.4
17071,27.7,30.4,29.05,2.7
17073,27.0,30.5,28.75,3.5
17075,27.7,33.9,30.8,6.2
17077,26.9,31.5,29.2,4.6
17079,27.1,30.2,28.65,3.1
17081,27.9,30.2,29.05,2.3
17083,26.6,33.0,29.8,6.4
17085,26.3,29.5,27.9,3.2
17087,27.4,29.4,28.4,2.0
17089,27.9,25.3,26.6,-2.6
17091,28.2,30.1,29.15,1.9
17093,24.9,33.7,29.3,8.8
17095,28.1,26.2,27.15,-1.9
17097,24.8,28.4,26.6,3.6
17099,27.1,27.1,27.1,0.0
17101,27.1,28.9,28.0,1.8
17103,27.0,32.6,29.8,5.6
17105,27.4,29.2,28.3,1.8
17107,28.8,29.2,29.0,0.4
17109,27.9,26.8,27.35,-1.1
17111,26.5,27.7,27.1,1.2
17113,27.8,29.3,28.55,1.5
17115,29.7,29.7,29.7,0.0
17117,28.6,31.0,29.8,2.4
17119,28.3,32.3,30.3,4.0
17121,27.2,33.5,30.35,6.3
17123,27.1,29.1,28.1,2.0
17125,28.5,31.7,30.1,3.2
17127,27.8,30.7,29.25,2.9
17129,27.3,28.3,27.8,1.0
17131,27.4,31.2,29.3,3.8
17133,26.8,33.2,30.0,6.4
17135,26.3,31.3,28.8,5.0
17137,27.3,28.8,28.05,1.5
17139,26.8,28.6,27.7,1.8
17141,27.0,31.2,29.1,4.2
17143,27.2,28.8,28.0,1.6
17145,27.8,29.1,28.45,1.3
17147,27.4,29.0,28.2,1.6
17149,26.2,32.6,29.4,6.4
17151,27.3,29.5,28.4,2.2
17153,28.2,27.3,27.75,-0.9
17155,27.2,29.9,28.55,2.7
17157,27.3,27.7,27.5,0.4
17159,28.4,28.8,28.6,0.4
17161,27.0,31.7,29.35,4.7
17163,28.4,33.2,30.8,4.8
17165,26.7,30.1,28.4,3.4
17167,28.8,28.5,28.65,-0.3
17169,26.4,31.7,29.05,5.3
17171,27.2,30.4,28.8,3.2
17173,26.9,30.6,28.75,3.7
17175,26.8,30.2,28.5,3.4
17177,28.6,32.9,30.75,4.3
17179,26.4,30.6,28.5,4.2
17181,27.7,28.2,27.95,0.5
17183,27.1,35.4,31.25,8.3
17185,27.1,32.2,29.65,5.1
17187,27.0,30.5,28.75,3.5
17189,27.9,28.6,28.25,0.7
17191,27.7,29.2,28.45,1.5
17193,27.5,28.7,28.1,1.2
17195,26.3,28.7,27.5,2.4
17197,28.8,28.0,28.4,-0.8
17199,28.1,31.6,29.85,3.5
17201,27.9,33.9,30.9,6.0
17203,27.5,30.8,29.15,3.3
18001,29.5,32.8,31.15,3.3
18003,30.2,30.1,30.15,-0.1
18005,29.5,29.5,29.5,0.0
18007,29.2,32.6,30.9,3.4
18009,29.0,36.0,32.5,7.0
18011,30.5,27.8,29.15,-2.7
18013,28.6,30.6,29.6,2.0
18015,30.0,26.9,28.45,-3.1
18017,29.9,33.7,31.8,3.8
18019,30.5,33.3,31.9,2.8
18021,30.7,33.1,31.9,2.4
18023,28.7,30.9,29.8,2.2
18025,30.2,33.0,31.6,2.8
18027,29.7,37.6,33.65,7.9
18029,29.4,32.5,30.95,3.1
18031,29.9,32.7,31.3,2.8
18033,30.7,32.8,31.75,2.1
18035,31.0,31.5,31.25,0.5
18037,29.2,29.5,29.35,0.3
18039,29.2,32.8,31.0,3.6
18041,30.2,33.0,31.6,2.8
18043,29.5,30.1,29.8,0.6
18045,28.7,29.8,29.25,1.1
18047,28.6,26.2,27.4,-2.4
18049,29.5,37.8,33.65,8.3
18051,28.0,32.1,30.05,4.1
18053,29.1,37.3,33.2,8.2
18055,29.5,33.1,31.3,3.6
18057,24.4,25.9,25.15,1.5
18059,28.2,34.8,31.5,6.6
18061,29.8,36.0,32.9,6.2
18063,28.9,31.8,30.35,2.9
18065,30.0,36.7,33.35,6.7
18067,30.4,31.4,30.9,1.0
18069,32.0,32.6,32.3,0.6
18071,29.6,36.9,33.25,7.3
18073,29.1,29.6,29.35,0.5
18075,31.5,34.0,32.75,2.5
18077,31.5,35.0,33.25,3.5
18079,29.9,33.0,31.45,3.1
18081,28.6,30.2,29.4,1.6
18083,29.4,32.3,30.85,2.9
18085,29.5,33.2,31.35,3.7
18087,28.0,34.2,31.1,6.2
18089,33.1,33.9,33.5,0.8
18091,29.1,35.0,32.05,5.9
18093,28.5,38.2,33.35,9.7
18095,32.3,33.4,32.85,1.1
18097,30.2,32.4,31.3,2.2
18099,28.0,30.8,29.4,2.8
18101,30.2,35.8,33.0,5.6
18103,29.8,35.7,32.75,5.9
18105,26.1,22.1,24.1,-4.0
18107,29.8,32.7,31.25,2.9
18109,29.1,33.2,31.15,4.1
18111,29.3,35.3,32.3,6.0
18113,29.3,31.8,30.55,2.5
18115,29.3,30.4,29.85,1.1
18117,30.0,35.4,32.7,5.4
18119,29.9,34.0,31.95,4.1
18121,29.8,33.6,31.7,3.8
18123,30.5,32.8,31.65,2.3
18125,29.8,36.4,33.1,6.6
18127,30.6,31.9,31.25,1.3
18129,29.4,29.1,29.25,-0.3
18131,30.0,31.5,30.75,1.5
18133,29.4,31.5,30.45,2.1
18135,30.9,35.6,33.25,4.7
18137,28.9,32.7,30.8,3.8
18139,29.9,32.6,31.25,2.7
18141,29.6,30.0,29.8,0.4
18143,28.6,29.5,29.05,0.9
18145,31.2,33.1,32.15,1.9
18147,29.0,30.5,29.75,1.5
18149,30.3,36.1,33.2,5.8
18151,30.9,33.7,32.3,2.8
18153,29.4,32.9,31.15,3.5
18155,28.9,32.0,30.45,3.1
18157,28.5,26.4,27.45,-2.1
18159,29.2,31.1,30.15,1.9
18161,29.4,30.0,29.7,0.6
18163,28.1,33.3,30.7,5.2
18165,30.6,33.1,31.85,2.5
18167,31.8,32.8,32.3,1.0
18169,31.3,31.6,31.45,0.3
18171,30.5,32.1,31.3,1.6
18173,30.0,29.4,29.7,-0.6
18175,29.4,30.6,30.0,1.2
18177,27.9,29.6,28.75,1.7
18179,29.6,28.4,29.0,-1.2
18181,31.4,34.7,33.05,3.3
18183,29.7,32.0,30.85,2.3
19001,27.7,32.4,30.05,4.7
19003,28.9,30.8,29.85,1.9
19005,27.6,33.6,30.6,6.0
19007,28.7,35.4,32.05,6.7
19009,29.1,31.2,30.15,2.1
19011,28.8,34.4,31.6,5.6
19013,27.5,29.9,28.7,2.4
19015,31.4,32.4,31.9,1.0
19017,27.3,32.4,29.85,5.1
19019,28.7,35.2,31.95,6.5
19021,28.8,33.0,30.9,4.2
19023,27.7,33.8,30.75,6.1
19025,29.2,32.4,30.8,3.2
19027,27.8,30.7,29.25,2.9
19029,30.9,35.2,33.05,4.3
19031,29.7,32.4,31.05,2.7
19033,27.1,33.2,30.15,6.1
19035,28.3,37.5,32.9,9.2
19037,28.1,32.7,30.4,4.6
19039,27.7,30.5,29.1,2.8
19041,28.6,33.8,31.2,5.2
19043,29.1,32.1,30.6,3.0
19045,29.5,33.4,31.45,3.9
19047,29.8,34.2,32.0,4.4
19049,29.4,29.8,29.6,0.4
19051,27.5,32.7,30.1,5.2
19053,27.2,33.1,30.15,5.9
19055,28.7,33.9,31.3,5.2
19057,30.9,31.3,31.1,0.4
19059,27.9,33.4,30.65,5.5
19061,26.3,28.5,27.4,2.2
19063,28.8,33.2,31.0,4.4
19065,29.0,37.7,33.35,8.7
19067,28.6,31.0,29.8,2.4
19069,29.1,32.6,30.85,3.5
19071,29.3,32.9,31.1,3.6
19073,28.4,29.6,29.0,1.2
19075,28.0,31.7,29.85,3.7
19077,28.1,35.9,32.0,7.8
19079,28.7,30.6,29.65,1.9
19081,29.8,35.4,32.6,5.6
19083,28.3,34.8,31.55,6.5
19085,29.2,32.3,30.75,3.1
19087,28.4,34.6,31.5,6.2
19089,27.6,31.1,29.35,3.5
19091,28.3,31.8,30.05,3.5
19093,28.4,28.2,28.3,-0.2
19095,29.7,30.7,30.2,1.0
19097,29.0,33.1,31.05,4.1
19099,31.6,32.2,31.9,0.6
19101,29.0,27.5,28.25,-1.5
19103,23.4,23.0,23.2,-0.4
19105,28.3,37.6,32.95,9.3
19107,28.3,29.9,29.1,1.6
19109,27.4,32.7,30.05,5.3
19111,28.5,31.9,30.2,3.4
19113,29.2,31.0,30.1,1.8
19115,29.2,37.4,33.3,8.2
19117,28.8,33.8,31.3,5.0
19119,27.1,31.9,29.5,4.8
19121,28.5,34.2,31.35,5.7
19123,28.2,31.9,30.05,3.7
19125,29.8,33.1,31.45,3.3
19127,29.9,34.7,32.3,4.8
19129,28.7,34.7,31.7,6.0
19131,28.5,30.3,29.4,1.8
19133,27.5,32.8,30.15,5.3
19135,28.0,32.4,30.2,4.4
19137,28.4,37.6,33.0,9.2
19139,30.2,34.2,32.2,4.0
19141,28.5,31.6,30.05,3.1
19143,28.1,34.4,31.25,6.3
19145,29.2,35.3,32.25,6.1
19147,28.1,35.7,31.9,7.6
19149,29.4,32.2,30.8,2.8
19151,28.8,31.9,30.35,3.1
19153,27.1,29.2,28.15,2.1
19155,29.5,36.0,32.75,6.5
19157,28.6,32.1,30.35,3.5
19159,27.9,34.9,31.4,7.0
19161,29.0,33.0,31.0,4.0
19163,26.5,31.8,29.15,5.3
19165,27.9,29.4,28.65,1.5
19167,26.7,29.0,27.85,2.3
19169,26.2,27.1,26.65,0.9
19171,27.7,31.3,29.5,3.6
19173,28.0,30.9,29.45,2.9
19175,26.9,37.8,32.35,10.9
19177,28.2,35.7,31.95,7.5
19179,28.7,35.6,32.15,6.9
19181,31.9,31.1,31.5,-0.8
19183,28.7,31.5,30.1,2.8
19185,29.1,33.3,31.2,4.2
19187,29.0,31.1,30.05,2.1
19189,28.0,28.6,28.3,0.6
19191,26.9,25.4,26.15,-1.5
19193,29.6,34.3,31.95,4.7
19195,29.2,33.7,31.45,4.5
19197,27.9,34.4,31.15,6.5
20001,31.4,34.2,32.8,2.8
20003,29.6,33.3,31.45,3.7
20005,31.6,33.1,32.35,1.5
20007,30.8,36.7,33.75,5.9
20009,31.3,35.4,33.35,4.1
20011,30.6,33.9,32.25,3.3
20013,30.6,29.6,30.1,-1.0
20015,30.5,31.9,31.2,1.4
20017,30.7,28.3,29.5,-2.4
20019,29.9,34.1,32.0,4.2
20021,30.9,37.0,33.95,6.1
20023,29.2,33.5,31.35,4.3
20025,29.7,31.2,30.45,1.5
20027,30.0,36.2,33.1,6.2
20029,29.9,29.9,29.9,0.0
20031,30.7,30.5,30.6,-0.2
20033,29.9,33.6,31.75,3.7
20035,30.4,36.0,33.2,5.6
20037,31.0,33.0,32.0,2.0
20039,30.1,36.1,33.1,6.0
20041,30.6,31.9,31.25,1.3
20043,30.0,32.1,31.05,2.1
20045,26.6,24.2,25.4,-2.4
20047,30.0,32.9,31.45,2.9
20049,29.9,32.5,31.2,2.6
20051,29.6,31.6,30.6,2.0
20053,29.4,33.3,31.35,3.9
20055,32.1,35.2,33.65,3.1
20057,31.2,30.6,30.9,-0.6
20059,31.4,33.8,32.6,2.4
20061,28.2,32.7,30.45,4.5
20063,29.5,30.2,29.85,0.7
20065,29.3,28.9,29.1,-0.4
20067,30.7,35.6,33.15,4.9
20069,30.2,36.0,33.1,5.8
20071,31.1,32.6,31.85,1.5
20073,29.8,32.7,31.25,2.9
20075,29.8,37.1,33.45,7.3
20077,29.8,34.2,32.0,4.4
20079,28.6,31.0,29.8,2.4
20081,30.3,33.9,32.1,3.6
20083,31.3,32.0,31.65,0.7
20085,30.4,33.4,31.9,3.0
20087,32.1,29.9,31.0,-2.2
20089,29.6,29.6,29.6,0.0
20091,23.4,24.8,24.1,1.4
20093,30.1,28.7,29.4,-1.4
20095,29.7,32.2,30.95,2.5
20097,29.7,32.8,31.25,3.1
20099,30.9,34.0,32.45,3.1
20101,29.8,30.8,30.3,1.0
20103,30.8,32.8,31.8,2.0
20105,29.8,31.2,30.5,1.4
20107,29.7,31.6,30.65,1.9
20109,30.4,31.1,30.75,0.7
20111,29.7,34.7,32.2,5.0
20113,28.8,29.2,29.0,0.4
20115,30.4,30.9,30.65,0.5
20117,31.2,32.6,31.9,1.4
20119,30.2,27.0,28.6,-3.2
20121,29.2,34.1,31.65,4.9
20123,29.3,32.1,30.7,2.8
20125,30.4,35.1,32.75,4.7
20127,30.1,35.1,32.6,5.0
20129,29.3,31.9,30.6,2.6
20131,28.6,30.4,29.5,1.8
20133,31.5,33.5,32.5,2.0
20135,28.8,31.1,29.95,2.3
20137,29.6,32.4,31.0,2.8
20139,32.2,37.1,34.65,4.9
20141,30.4,33.2,31.8,2.8
20143,29.7,37.9,33.8,8.2
20145,30.2,30.3,30.25,0.1
20147,29.8,28.8,29.3,-1.0
20149,29.9,31.3,30.6,1.4
20151,30.9,33.8,32.35,2.9
20153,29.8,32.3,31.05,2.5
20155,31.4,35.7,33.55,4.3
20157,30.4,30.9,30.65,0.5
20159,30.7,32.6,31.65,1.9
20161,26.3,23.8,25.05,-2.5
20163,29.3,32.8,31.05,3.5
20165,29.1,32.6,30.85,3.5
20167,29.2,30.4,29.8,1.2
20169,32.3,35.1,33.7,2.8
20171,30.6,32.1,31.35,1.5
20173,29.1,31.4,30.25,2.3
20175,33.4,38.6,36.0,5.2
20177,30.6,32.9,31.75,2.3
20179,29.2,31.5,30.35,2.3
20181,29.6,29.9,29.75,0.3
20183,29.3,34.1,31.7,4.8
20185,30.6,32.5,31.55,1.9
20187,30.4,31.3,30.85,0.9
20189,29.4,34.8,32.1,5.4
20191,31.1,31.1,31.1,0.0
20193,30.9,35.0,32.95,4.1
20195,29.8,29.7,29.75,-0.1
20197,29.7,30.9,30.3,1.2
20199,30.3,33.1,31.7,2.8
20201,28.9,30.7,29.8,1.8
20203,30.2,29.4,29.8,-0.8
20205,30.1,32.9,31.5,2.8
20207,29.5,33.4,31.45,3.9
20209,35.8,36.2,36.0,0.4
21001,32.6,34.3,33.45,1.7
21003,32.2,33.9,33.05,1.7
21005,31.8,34.6,33.2,2.8
21007,29.7,34.2,31.95,4.5
21009,28.6,31.0,29.8,2.4
21011,31.0,30.4,30.7,-0.6
21013,33.1,37.9,35.5,4.8
21015,29.8,32.5,31.15,2.7
21017,34.6,34.1,34.35,-0.5
21019,33.6,38.5,36.05,4.9
21021,29.6,32.2,30.9,2.6
21023,31.7,32.4,32.05,0.7
21025,37.5,41.6,39.55,4.1
21027,29.7,36.6,33.15,6.9
21029,32.3,32.8,32.55,0.5
21031,33.2,33.2,33.2,0.0
21033,34.5,35.0,34.75,0.5
21035,28.8,30.1,29.45,1.3
21037,29.0,31.6,30.3,2.6
21039,32.1,33.4,32.75,1.3
21041,31.1,35.3,33.2,4.2
21043,32.8,38.9,35.85,6.1
21045,34.6,36.4,35.5,1.8
21047,29.4,36.5,32.95,7.1
21049,29.0,30.6,29.8,1.6
21051,32.1,38.0,35.05,5.9
21053,31.1,34.9,33.0,3.8
21055,30.6,33.8,32.2,3.2
21057,32.0,31.8,31.9,-0.2
21059,30.3,30.4,30.35,0.1
21061,32.2,31.2,31.7,-1.0
21063,30.8,33.7,32.25,2.9
21065,31.1,35.1,33.1,4.0
21067,29.0,27.3,28.15,-1.7
21069,31.3,34.5,32.9,3.2
21071,35.8,37.6,36.7,1.8
21073,31.3,33.2,32.25,1.9
21075,31.7,32.0,31.85,0.3
21077,31.3,35.8,33.55,4.5
21079,31.2,30.5,30.85,-0.7
21081,32.7,36.3,34.5,3.6
21083,32.2,30.1,31.15,-2.1
21085,29.8,36.5,33.15,6.7
21087,29.8,38.1,33.95,8.3
21089,32.0,39.8,35.9,7.8
21091,30.4,34.5,32.45,4.1
21093,29.4,32.9,31.15,3.5
21095,30.4,36.5,33.45,6.1
21097,31.9,30.1,31.0,-1.8
21099,32.7,37.1,34.9,4.4
21101,32.3,32.6,32.45,0.3
21103,32.5,31.6,32.05,-0.9
21105,30.9,35.2,33.05,4.3
21107,33.1,35.0,34.05,1.9
21109,33.1,37.5,35.3,4.4
21111,31.8,31.6,31.7,-0.2
21113,28.1,31.5,29.8,3.4
21115,34.2,37.2,35.7,3.0
21117,27.7,28.5,28.1,0.8
21119,31.5,40.2,35.85,8.7
21121,33.5,39.3,36.4,5.8
21123,30.3,33.6,31.95,3.3
21125,35.0,37.8,36.4,2.8
21127,33.6,42.2,37.9,8.6
21129,32.3,33.9,33.1,1.6
21131,32.8,43.2,38.0,10.4
21133,35.7,38.6,37.15,2.9
21135,33.8,38.3,36.05,4.5
21137,36.0,30.8,33.4,-5.2
21139,29.3,29.7,29.5,0.4
21141,31.4,35.2,33.3,3.8
21143,32.8,33.3,33.05,0.5
21145,30.1,33.7,31.9,3.6
21147,31.4,34.3,32.85,2.9
21149,31.3,36.8,34.05,5.5
21151,30.4,32.2,31.3,1.8
21153,30.4,33.7,32.05,3.3
21155,31.1,30.6,30.85,-0.5
21157,32.3,34.1,33.2,1.8
21159,36.1,39.3,37.7,3.2
21161,31.2,30.1,30.65,-1.1
21163,33.9,35.9,34.9,2.0
21165,32.2,33.3,32.75,1.1
21167,31.1,35.8,33.45,4.7
21169,30.5,33.8,32.15,3.3
21171,32.0,29.9,30.95,-2.1
21173,31.9,32.2,32.05,0.3
21175,34.1,35.5,34.8,1.4
21177,31.2,37.8,34.5,6.6
21179,28.2,32.4,30.3,4.2
21181,33.2,32.5,32.85,-0.7
21183,31.1,37.2,34.15,6.1
21185,29.3,28.0,28.65,-1.3
21187,30.7,30.0,30.35,-0.7
21189,29.7,33.6,31.65,3.9
21191,32.3,32.4,32.35,0.1
21193,36.0,37.0,36.5,1.0
21195,35.7,38.9,37.3,3.2
21197,34.0,36.3,35.15,2.3
21199,30.0,33.6,31.8,3.6
21201,33.1,34.6,33.85,1.5
21203,31.7,36.0,33.85,4.3
21205,33.9,34.4,34.15,0.5
21207,31.9,34.6,33.25,2.7
21209,32.6,29.4,31.0,-3.2
21211,32.6,33.0,32.8,0.4
21213,31.4,35.4,33.4,4.0
21215,32.1,30.3,31.2,-1.8
21217,30.7,35.4,33.05,4.7
21219,32.3,33.7,33.0,1.4
21221,31.4,33.4,32.4,2.0
21223,32.0,34.0,33.0,2.0
21225,33.8,30.7,32.25,-3.1
21227,29.3,31.6,30.45,2.3
21229,29.1,32.9,31.0,3.8
21231,31.2,37.1,34.15,5.9
21233,33.4,35.6,34.5,2.2
21235,31.8,36.3,34.05,4.5
21237,31.5,32.3,31.9,0.8
21239,30.9,29.5,30.2,-1.4
22001,31.0,33.1,32.05,2.1
22003,33.8,34.4,34.1,0.6
22005,31.1,31.3,31.2,0.2
22007,32.8,34.8,33.8,2.0
22009,34.3,37.0,35.65,2.7
22011,30.8,35.8,33.3,5.0
22013,36.4,38.2,37.3,1.8
22015,29.2,34.7,31.95,5.5
22017,31.2,34.3,32.75,3.1
22019,33.7,32.3,33.0,-1.4
22021,31.2,36.3,33.75,5.1
22023,30.4,31.5,30.95,1.1
22025,32.1,35.3,33.7,3.2
22027,32.7,37.0,34.85,4.3
22029,33.1,38.3,35.7,5.2
22031,34.4,38.9,36.65,4.5
22033,29.6,32.9,31.25,3.3
22035,36.1,42.1,39.1,6.0
22037,34.5,42.1,38.3,7.6
22039,31.6,41.9,36.75,10.3
22041,34.6,38.0,36.3,3.4
22043,32.1,33.8,32.95,1.7
22045,33.2,36.1,34.65,2.9
22047,33.4,39.7,36.55,6.3
22049,29.8,34.8,32.3,5.0
22051,30.6,35.4,33.0,4.8
22053,34.7,36.3,35.5,1.6
22055,27.8,31.1,29.45,3.3
22057,34.5,36.9,35.7,2.4
22059,31.3,33.2,32.25,1.9
22061,32.4,37.3,34.85,4.9
22063,29.8,34.4,32.1,4.6
22065,34.6,41.8,38.2,7.2
22067,35.1,39.4,37.25,4.3
22069,33.8,34.7,34.25,0.9
22071,29.5,31.9,30.7,2.4
22073,32.0,35.7,33.85,3.7
22075,33.1,33.5,33.3,0.4
22077,32.7,35.3,34.0,2.6
22079,31.2,35.7,33.45,4.5
22081,34.2,40.3,37.25,6.1
22083,36.0,37.1,36.55,1.1
22085,34.6,39.1,36.85,4.5
22087,31.1,35.5,33.3,4.4
22089,32.2,35.9,34.05,3.7
22091,35.3,40.6,37.95,5.3
22093,33.9,37.0,35.45,3.1
22095,39.3,35.8,37.55,-3.5
22097,33.9,39.6,36.75,5.7
22099,33.2,34.2,33.7,1.0
22101,35.2,38.0,36.6,2.8
22103,27.1,27.8,27.45,0.7
22105,34.6,39.1,36.85,4.5
22107,35.2,34.8,35.0,-0.4
22109,36.7,39.5,38.1,2.8
22111,33.9,34.4,34.15,0.5
22113,31.7,31.2,31.45,-0.5
22115,33.8,36.6,35.2,2.8
22117,34.5,37.4,35.95,2.9
22119,33.9,35.8,34.85,1.9
22121,31.9,40.2,36.05,8.3
22123,31.0,36.0,33.5,5.0
22125,34.6,34.5,34.55,-0.1
22127,32.1,37.7,34.9,5.6
23001,30.5,33.2,31.85,2.7
23003,28.9,34.1,31.5,5.2
23005,20.9,22.7,21.8,1.8
23007,26.0,30.2,28.1,4.2
23009,24.8,24.3,24.55,-0.5
23011,28.8,30.9,29.85,2.1
23013,23.9,23.1,23.5,-0.8
23015,22.6,24.6,23.6,2.0
23017,26.7,31.4,29.05,4.7
23019,28.6,30.3,29.45,1.7
23021,31.2,33.3,32.25,2.1
23023,26.5,25.1,25.8,-1.4
23025,34.5,35.0,34.75,0.5
23027,26.0,28.3,27.15,2.3
23029,28.5,28.5,28.5,0.0
23031,23.9,27.6,25.75,3.7
24001,29.0,32.3,30.65,3.3
24003,26.3,29.1,27.7,2.8
24005,27.1,28.8,27.95,1.7
24009,27.3,29.7,28.5,2.4
24011,31.6,35.0,33.3,3.4
24013,27.2,27.9,27.55,0.7
24015,29.4,33.7,31.55,4.3
24017,31.4,36.0,33.7,4.6
24019,33.6,35.7,34.65,2.1
24021,26.3,29.1,27.7,2.8
24023,28.5,30.6,29.55,2.1
24025,26.4,27.9,27.15,1.5
24027,24.9,21.7,23.3,-3.2
24029,26.8,28.1,27.45,1.3
24031,19.3,20.1,19.7,0.8
24033,32.4,33.4,32.9,1.0
24035,25.9,28.9,27.4,3.0
24037,29.7,32.0,30.85,2.3
24039,36.2,42.2,39.2,6.0
24041,24.7,29.3,27.0,4.6
24043,29.6,33.8,31.7,4.2
24045,31.7,35.9,33.8,4.2
24047,27.5,29.4,28.45,1.9
24510,31.7,33.7,32.7,2.0
25001,19.3,19.9,19.6,0.6
25003,23.2,23.7,23.45,0.5
25005,27.5,28.3,27.9,0.8
25007,18.4,22.0,20.2,3.6
25009,23.4,25.5,24.45,2.1
25011,23.5,21.0,22.25,-2.5
25013,27.4,27.5,27.45,0.1
25015,21.3,18.9,20.1,-2.4
25017,22.1,22.6,22.35,0.5
25019,20.7,20.0,20.35,-0.7
25021,19.4,20.5,19.95,1.1
25023,22.1,27.8,24.95,5.7
25025,21.3,21.3,21.3,0.0
25027,24.3,27.0,25.65,2.7
26001,29.3,31.1,30.2,1.8
26003,30.1,29.8,29.95,-0.3
26005,28.8,30.2,29.5,1.4
26007,29.6,32.1,30.85,2.5
26009,30.3,32.2,31.25,1.9
26011,31.0,34.0,32.5,3.0
26013,31.6,32.5,32.05,0.9
26015,32.0,31.2,31.6,-0.8
26017,32.3,35.4,33.85,3.1
26019,30.0,28.7,29.35,-1.3
26021,30.3,34.8,32.55,4.5
26023,31.5,31.8,31.65,0.3
26025,32.0,33.9,32.95,1.9
26027,30.7,35.3,33.0,4.6
26029,29.6,28.6,29.1,-1.0
26031,32.1,33.2,32.65,1.1
26033,32.2,34.6,33.4,2.4
26035,30.0,33.8,31.9,3.8
26037,29.9,31.6,30.75,1.7
26039,30.3,30.4,30.35,0.1
26041,30.1,32.1,31.1,2.0
26043,29.0,30.1,29.55,1.1
26045,30.5,35.7,33.1,5.2
26047,30.8,29.8,30.3,-1.0
26049,35.1,33.0,34.05,-2.1
26051,30.3,34.7,32.5,4.4
26053,30.2,31.3,30.75,1.1
26055,28.6,26.8,27.7,-1.8
26057,32.8,33.6,33.2,0.8
26059,29.5,32.0,30.75,2.5
26061,28.4,30.7,29.55,2.3
26063,30.0,31.5,30.75,1.5
26065,29.5,30.4,29.95,0.9
26067,31.1,38.0,34.55,6.9
26069,31.9,33.2,32.55,1.3
26071,29.3,29.1,29.2,-0.2
26073,29.8,30.9,30.35,1.1
26075,32.8,33.7,33.25,0.9
26077,29.5,30.6,30.05,1.1
26079,29.8,31.6,30.7,1.8
26081,29.1,28.7,28.9,-0.4
26083,29.9,30.9,30.4,1.0
26085,31.9,32.0,31.95,0.1
26087,32.0,30.3,31.15,-1.7
26089,30.8,26.6,28.7,-4.2
26091,31.4,30.8,31.1,-0.6
26093,26.9,29.6,28.25,2.7
26095,31.1,32.6,31.85,1.5
26097,30.9,31.1,31.0,0.2
26099,30.1,33.3,31.7,3.2
26101,28.8,34.6,31.7,5.8
26103,30.6,29.2,29.9,-1.4
26105,30.4,29.9,30.15,-0.5
26107,29.8,35.0,32.4,5.2
26109,30.0,34.4,32.2,4.4
26111,30.7,30.5,30.6,-0.2
26113,31.6,32.2,31.9,0.6
26115,32.0,33.8,32.9,1.8
26117,31.7,34.0,32.85,2.3
26119,29.7,28.9,29.3,-0.8
26121,31.8,35.8,33.8,4.0
26123,30.7,34.0,32.35,3.3
26125,26.4,26.3,26.35,-0.1
26127,31.1,34.8,32.95,3.7
26129,30.3,35.6,32.95,5.3
26131,30.4,33.0,31.7,2.6
26133,30.5,34.2,32.35,3.7
26135,30.6,33.5,32.05,2.9
26137,29.6,33.3,31.45,3.7
26139,26.6,27.6,27.1,1.0
26141,29.7,32.3,31.0,2.6
26143,31.5,34.2,32.85,2.7
26145,35.7,38.9,37.3,3.2
26147,30.0,33.0,31.5,3.0
26149,30.4,34.7,32.55,4.3
26151,32.1,31.3,31.7,-0.8
26153,31.3,31.3,31.3,0.0
26155,30.1,32.4,31.25,2.3
26157,29.3,32.6,30.95,3.3
26159,29.6,33.5,31.55,3.9
26161,26.5,24.4,25.45,-2.1
26163,33.7,33.5,33.6,-0.2
26165,31.1,30.2,30.65,-0.9
27001,27.2,29.9,28.55,2.7
27003,28.6,30.0,29.3,1.4
27005,28.2,32.6,30.4,4.4
27007,28.9,30.9,29.9,2.0
27009,27.0,29.3,28.15,2.3
27011,27.5,28.7,28.1,1.2
27013,27.0,33.7,30.35,6.7
27015,28.0,30.1,29.05,2.1
27017,28.2,30.1,29.15,1.9
27019,26.8,23.0,24.9,-3.8
27021,27.7,26.5,27.1,-1.2
27023,28.5,29.9,29.2,1.4
27025,27.9,29.8,28.85,1.9
27027,27.9,28.4,28.15,0.5
27029,27.5,31.0,29.25,3.5
27031,28.0,28.9,28.45,0.9
27033,27.9,31.7,29.8,3.8
27035,27.5,29.0,28.25,1.5
27037,26.9,26.6,26.75,-0.3
27039,27.8,24.9,26.35,-2.9
27041,26.6,30.0,28.3,3.4
27043,27.8,27.0,27.4,-0.8
27045,28.4,25.1,26.75,-3.3
27047,28.4,29.9,29.15,1.5
27049,28.7,32.2,30.45,3.5
27051,27.6,32.0,29.8,4.4
27053,22.5,22.8,22.65,0.3
27055,26.9,25.7,26.3,-1.2
27057,27.3,24.9,26.1,-2.4
27059,27.3,28.0,27.65,0.7
27061,27.8,32.2,30.0,4.4
27063,28.2,31.5,29.85,3.3
27065,28.0,29.9,28.95,1.9
27067,26.3,29.1,27.7,2.8
27069,28.0,27.8,27.9,-0.2
27071,27.1,28.0,27.55,0.9
27073,27.2,28.8,28.0,1.6
27075,27.3,30.3,28.8,3.0
27077,27.9,30.4,29.15,2.5
27079,27.9,32.4,30.15,4.5
27081,27.2,28.3,27.75,1.1
27083,28.6,28.7,28.65,0.1
27085,27.7,31.1,29.4,3.4
27087,28.2,32.6,30.4,4.4
27089,28.0,29.7,28.85,1.7
27091,28.3,32.2,30.25,3.9
27093,28.7,30.4,29.55,1.7
27095,26.1,35.9,31.0,9.8
27097,28.9,34.3,31.6,5.4
27099,27.9,30.8,29.35,2.9
27101,27.8,29.8,28.8,2.0
27103,27.7,29.9,28.8,2.2
27105,27.6,28.8,28.2,1.2
27107,27.6,28.2,27.9,0.6
27109,27.3,25.6,26.45,-1.7
27111,28.0,29.4,28.7,1.4
27113,27.8,27.5,27.65,-0.3
27115,28.9,36.2,32.55,7.3
27117,27.4,28.4,27.9,1.0
27119,27.7,33.5,30.6,5.8
27121,27.3,32.1,29.7,4.8
27123,25.6,25.8,25.7,0.2
27125,27.8,32.8,30.3,5.0
27127,27.7,32.6,30.15,4.9
27129,28.9,29.5,29.2,0.6
27131,26.3,31.5,28.9,5.2
27133,28.1,28.4,28.25,0.3
27135,29.2,29.3,29.25,0.1
27137,27.7,27.1,27.4,-0.6
27139,28.2,24.6,26.4,-3.6
27141,27.4,28.8,28.1,1.4
27143,28.1,33.3,30.7,5.2
27145,27.2,27.6,27.4,0.4
27147,29.1,30.5,29.8,1.4
27149,27.3,33.5,30.4,6.2
27151,28.0,28.6,28.3,0.6
27153,28.9,30.4,29.65,1.5
27155,27.1,32.1,29.6,5.0
27157,25.9,32.2,29.05,6.3
27159,27.7,29.2,28.45,1.5
27161,28.5,33.7,31.1,5.2
27163,25.8,26.1,25.95,0.3
27165,27.5,26.9,27.2,-0.6
27167,27.8,28.5,28.15,0.7
27169,28.9,28.9,28.9,0.0
27171,26.1,28.0,27.05,1.9
27173,26.9,29.0,27.95,2.1
28001,37.4,37.7,37.55,0.3
28003,31.2,37.9,34.55,6.7
28005,36.7,42.3,39.5,5.6
28007,36.9,39.2,38.05,2.3
28009,34.3,37.0,35.65,2.7
28011,38.5,37.5,38.0,-1.0
28013,32.5,35.8,34.15,3.3
28015,33.9,34.2,34.05,0.3
28017,35.8,33.4,34.6,-2.4
28019,34.5,31.7,33.1,-2.8
28021,40.8,47.6,44.2,6.8
28023,33.3,34.8,34.05,1.5
28025,35.3,35.3,35.3,0.0
28027,42.7,42.9,42.8,0.2
28029,37.8,37.4,37.6,-0.4
28031,37.8,36.3,37.05,-1.5
28033,32.2,35.9,34.05,3.7
28035,34.7,34.4,34.55,-0.3
28037,37.0,35.6,36.3,-1.4
28039,34.6,34.2,34.4,-0.4
28041,35.4,38.5,36.95,3.1
28043,36.1,38.9,37.5,2.8
28045,34.0,31.9,32.95,-2.1
28047,32.7,32.3,32.5,-0.4
28049,33.1,34.9,34.0,1.8
28051,42.2,46.1,44.15,3.9
28053,42.1,41.6,41.85,-0.5
28055,37.6,34.4,36.0,-3.2
28057,31.4,34.5,32.95,3.1
28059,33.7,32.0,32.85,-1.7
28061,36.7,37.9,37.3,1.2
28063,41.8,44.5,43.15,2.7
28065,36.4,39.4,37.9,3.0
28067,36.9,38.4,37.65,1.5
28069,38.2,36.9,37.55,-1.3
28071,32.0,34.3,33.15,2.3
28073,31.7,32.8,32.25,1.1
28075,34.5,32.3,33.4,-2.2
28077,34.3,36.8,35.55,2.5
28079,35.0,40.9,37.95,5.9
28081,32.0,33.0,32.5,1.0
28083,38.3,44.0,41.15,5.7
28085,36.8,39.1,37.95,2.3
28087,34.7,34.3,34.5,-0.4
28089,30.1,28.6,29.35,-1.5
28091,33.5,34.2,33.85,0.7
28093,38.6,39.1,38.85,0.5
28095,34.4,38.0,36.2,3.6
28097,34.9,38.3,36.6,3.4
28099,32.5,37.5,35.0,5.0
28101,36.2,34.8,35.5,-1.4
28103,37.2,40.6,38.9,3.4
28105,31.1,34.2,32.65,3.1
28107,34.3,36.0,35.15,1.7
28109,31.6,33.7,32.65,2.1
28111,34.6,37.2,35.9,2.6
28113,38.5,37.2,37.85,-1.3
28115,32.6,31.1,31.85,-1.5
28117,32.0,33.1,32.55,1.1
28119,39.8,41.5,40.65,1.7
28121,32.1,31.5,31.8,-0.6
28123,36.0,33.7,34.85,-2.3
28125,39.0,37.5,38.25,-1.5
28127,33.4,37.7,35.55,4.3
28129,32.1,36.8,34.45,4.7
28131,34.1,35.8,34.95,1.7
28133,40.7,42.2,41.45,1.5
28135,36.7,39.6,38.15,2.9
28137,35.1,37.4,36.25,2.3
28139,31.6,33.9,32.75,2.3
28141,25.8,36.6,31.2,10.8
28143,41.7,40.7,41.2,-1.0
28145,32.3,33.2,32.75,0.9
28147,38.7,38.3,38.5,-0.4
28149,35.7,32.7,34.2,-3.0
28151,36.8,38.9,37.85,2.1
28153,34.3,38.2,36.25,3.9
28155,31.4,33.9,32.65,2.5
28157,37.9,39.9,38.9,2.0
28159,35.6,36.4,36.0,0.8
28161,36.7,38.6,37.65,1.9
28163,36.5,38.8,37.65,2.3
29001,28.8,29.0,28.9,0.2
29003,30.4,29.3,29.85,-1.1
29005,29.0,29.8,29.4,0.8
29007,30.3,34.7,32.5,4.4
29009,29.3,32.4,30.85,3.1
29011,29.4,35.3,32.35,5.9
29013,29.2,32.1,30.65,2.9
29015,29.4,31.2,30.3,1.8
29017,30.5,33.1,31.8,2.6
29019,29.1,28.4,28.75,-0.7
29021,34.2,32.6,33.4,-1.6
29023,30.7,35.1,32.9,4.4
29025,30.6,37.2,33.9,6.6
29027,31.4,34.3,32.85,2.9
29029,28.0,28.5,28.25,0.5
29031,29.8,31.9,30.85,2.1
29033,29.5,35.4,32.45,5.9
29035,29.4,31.1,30.25,1.7
29037,29.9,30.3,30.1,0.4
29039,29.5,31.0,30.25,1.5
29041,28.8,30.4,29.6,1.6
29043,28.2,29.1,28.65,0.9
29045,30.4,34.3,32.35,3.9
29047,29.9,29.3,29.6,-0.6
29049,30.5,34.5,32.5,4.0
29051,28.1,30.7,29.4,2.6
29053,30.5,35.4,32.95,4.9
29055,30.4,32.4,31.4,2.0
29057,29.4,34.3,31.85,4.9
29059,30.3,33.7,32.0,3.4
29061,30.3,32.6,31.45,2.3
29063,30.8,36.1,33.45,5.3
29065,29.6,34.6,32.1,5.0
29067,29.7,32.5,31.1,2.8
29069,31.5,32.0,31.75,0.5
29071,30.1,30.4,30.25,0.3
29073,29.7,35.0,32.35,5.3
29075,29.2,28.7,28.95,-0.5
29077,29.2,32.0,30.6,2.8
29079,28.5,32.6,30.55,4.1
29081,29.6,34.1,31.85,4.5
29083,29.9,29.5,29.7,-0.4
29085,28.7,29.2,28.95,0.5
29087,30.2,32.5,31.35,2.3
29089,29.7,33.9,31.8,4.2
29091,29.6,31.5,30.55,1.9
29093,31.8,35.1,33.45,3.3
29095,31.2,31.0,31.1,-0.2
29097,31.2,34.5,32.85,3.3
29099,30.9,30.4,30.65,-0.5
29101,31.2,30.9,31.05,-0.3
29103,29.0,31.7,30.35,2.7
29105,30.2,31.1,30.65,0.9
29107,29.9,29.1,29.5,-0.8
29109,29.6,30.0,29.8,0.4
29111,29.3,35.5,32.4,6.2
29113,31.0,31.5,31.25,0.5
29115,30.5,30.6,30.55,0.1
29117,28.6,28.8,28.7,0.2
29119,30.5,28.1,29.3,-2.4
29121,29.0,32.8,30.9,3.8
29123,30.1,34.3,32.2,4.2
29125,30.6,33.7,32.15,3.1
29127,29.4,37.3,33.35,7.9
29129,29.5,33.4,31.45,3.9
29131,28.9,30.8,29.85,1.9
29133,30.6,31.9,31.25,1.3
29135,29.6,28.3,28.95,-1.3
29137,29.9,30.8,30.35,0.9
29139,29.3,33.9,31.6,4.6
29141,28.1,28.3,28.2,0.2
29143,31.2,33.1,32.15,1.9
29145,29.3,32.0,30.65,2.7
29147,28.9,29.7,29.3,0.8
29149,30.6,32.4,31.5,1.8
29151,29.8,33.3,31.55,3.5
29153,29.4,33.4,31.4,4.0
29155,32.9,34.4,33.65,1.5
29157,30.3,33.0,31.65,2.7
29159,30.2,36.5,33.35,6.3
29161,29.4,27.0,28.2,-2.4
29163,30.0,28.8,29.4,-1.2
29165,29.0,30.8,29.9,1.8
29167,29.4,29.4,29.4,0.0
29169,32.7,28.4,30.55,-4.3
29171,29.6,31.9,30.75,2.3
29173,29.6,32.6,31.1,3.0
29175,31.6,33.0,32.3,1.4
29177,30.8,34.8,32.8,4.0
29179,29.4,32.6,31.0,3.2
29181,29.1,34.3,31.7,5.2
29183,29.1,25.0,27.05,-4.1
29185,29.2,28.6,28.9,-0.6
29186,30.5,30.1,30.3,-0.4
29187,31.1,32.8,31.95,1.7
29189,28.5,29.0,28.75,0.5
29195,30.1,37.6,33.85,7.5
29197,29.7,30.3,30.0,0.6
29199,30.7,31.2,30.95,0.5
29201,30.8,36.5,33.65,5.7
29203,30.1,29.7,29.9,-0.4
29205,29.7,33.1,31.4,3.4
29207,28.8,32.8,30.8,4.0
29209,28.4,33.2,30.8,4.8
29211,29.3,35.7,32.5,6.4
29213,31.3,30.9,31.1,-0.4
29215,30.3,32.6,31.45,2.3
29217,30.6,30.3,30.45,-0.3
29219,30.7,28.4,29.55,-2.3
29221,31.3,33.6,32.45,2.3
29223,30.3,36.1,33.2,5.8
29225,30.2,33.8,32.0,3.6
29227,28.8,30.2,29.5,1.4
29229,30.5,31.4,30.95,0.9
29510,33.4,33.8,33.6,0.4
30001,21.4,24.2,22.8,2.8
30003,33.7,38.8,36.25,5.1
30005,33.7,35.6,34.65,1.9
30007,23.5,30.4,26.95,6.9
30009,27.0,24.0,25.5,-3.0
30011,24.0,25.0,24.5,1.0
30013,24.3,28.2,26.25,3.9
30015,26.1,26.2,26.15,0.1
30017,24.7,30.6,27.65,5.9
30019,23.0,25.5,24.25,2.5
30021,26.2,30.9,28.55,4.7
30023,25.1,25.9,25.5,0.8
30025,26.8,27.7,27.25,0.9
30027,23.4,26.0,24.7,2.6
30029,21.9,23.1,22.5,1.2
30031,17.3,15.5,16.4,-1.8
30033,26.1,25.9,26.0,-0.2
30035,31.1,34.2,32.65,3.1
30037,24.4,24.4,24.4,0.0
30039,24.7,29.0,26.85,4.3
30041,30.4,33.4,31.9,3.0
30043,22.7,27.5,25.1,4.8
30045,23.8,28.8,26.3,5.0
30047,26.4,27.7,27.05,1.3
30049,22.2,24.3,23.25,2.1
30051,24.6,26.5,25.55,1.9
30053,22.8,28.8,25.8,6.0
30055,23.2,23.8,23.5,0.6
30057,21.2,21.7,21.45,0.5
30059,25.5,23.9,24.7,-1.6
30061,25.3,27.7,26.5,2.4
30063,19.6,22.2,20.9,2.6
30065,21.3,27.5,24.4,6.2
30067,18.2,22.6,20.4,4.4
30069,22.0,24.6,23.3,2.6
30071,21.9,29.0,25.45,7.1
30073,27.6,29.4,28.5,1.8
30075,23.7,27.3,25.5,3.6
30077,24.6,28.0,26.3,3.4
30079,26.2,26.2,26.2,0.0
30081,19.5,23.3,21.4,3.8
30083,27.5,30.7,29.1,3.2
30085,30.6,36.9,33.75,6.3
30087,39.6,35.6,37.6,-4.0
30089,24.2,26.8,25.5,2.6
30091,26.8,29.8,28.3,3.0
30093,23.1,25.5,24.3,2.4
30095,22.6,21.8,22.2,-0.8
30097,21.1,24.3,22.7,3.2
30099,26.8,26.7,26.75,-0.1
30101,27.4,26.5,26.95,-0.9
30103,24.3,25.6,24.95,1.3
30105,24.8,29.2,27.0,4.4
30107,26.1,25.3,25.7,-0.8
30109,21.6,26.6,24.1,5.0
30111,25.8,25.1,25.45,-0.7
31001,28.7,33.0,30.85,4.3
31003,28.8,27.6,28.2,-1.2
31005,28.4,29.7,29.05,1.3
31007,29.5,33.5,31.5,4.0
31009,28.6,29.1,28.85,0.5
31011,28.2,31.6,29.9,3.4
31013,31.0,33.9,32.45,2.9
31015,28.5,34.2,31.35,5.7
31017,28.8,30.2,29.5,1.4
31019,29.5,30.1,29.8,0.6
31021,29.3,31.0,30.15,1.7
31023,29.2,32.0,30.6,2.8
31025,28.0,35.4,31.7,7.4
31027,27.6,28.3,27.95,0.7
31029,28.1,30.6,29.35,2.5
31031,28.5,26.2,27.35,-2.3
31033,27.7,31.5,29.6,3.8
31035,31.5,32.9,32.2,1.4
31037,28.7,31.5,30.1,2.8
31039,29.0,29.7,29.35,0.7
31041,30.7,32.0,31.35,1.3
31043,33.7,35.8,34.75,2.1
31045,27.6,27.3,27.45,-0.3
31047,29.9,33.8,31.85,3.9
31049,28.5,30.1,29.3,1.6
31051,30.8,31.5,31.15,0.7
31053,29.3,32.7,31.0,3.4
31055,27.7,27.8,27.75,0.1
31057,29.9,35.3,32.6,5.4
31059,28.4,33.4,30.9,5.0
31061,28.3,36.7,32.5,8.4
31063,30.5,35.5,33.0,5.0
31065,31.2,33.9,32.55,2.7
31067,30.8,34.1,32.45,3.3
31069,29.4,32.6,31.0,3.2
31071,28.3,28.4,28.35,0.1
31073,28.5,34.4,31.45,5.9
31075,29.0,28.3,28.65,-0.7
31077,30.6,32.4,31.5,1.8
31079,31.9,33.9,32.9,2.0
31081,30.1,32.5,31.3,2.4
31083,27.8,32.1,29.95,4.3
31085,30.8,33.2,32.0,2.4
31087,30.1,35.9,33.0,5.8
31089,28.4,30.2,29.3,1.8
31091,29.6,26.6,28.1,-3.0
31093,28.4,29.4,28.9,1.0
31095,29.3,36.2,32.75,6.9
31097,29.7,30.3,30.0,0.6
31099,28.8,31.1,29.95,2.3
31101,28.5,27.5,28.0,-1.0
31103,29.8,29.6,29.7,-0.2
31105,28.5,31.4,29.95,2.9
31107,28.1,31.6,29.85,3.5
31109,26.2,26.0,26.1,-0.2
31111,31.0,31.7,31.35,0.7
31113,28.6,31.1,29.85,2.5
31115,29.9,30.7,30.3,0.8
31117,30.8,30.5,30.65,-0.3
31119,27.4,32.6,30.0,5.2
31121,30.9,32.6,31.75,1.7
31123,28.7,30.2,29.45,1.5
31125,28.4,29.8,29.1,1.4
31127,29.4,35.5,32.45,6.1
31129,28.5,33.5,31.0,5.0
31131,32.1,33.9,33.0,1.8
31133,28.8,29.8,29.3,1.0
31135,26.3,24.5,25.4,-1.8
31137,29.5,33.4,31.45,3.9
31139,30.0,34.1,32.05,4.1
31141,29.2,29.3,29.25,0.1
31143,30.9,29.5,30.2,-1.4
31145,29.6,31.9,30.75,2.3
31147,31.4,36.7,34.05,5.3
31149,29.3,30.3,29.8,1.0
31151,31.2,33.0,32.1,1.8
31153,28.4,30.6,29.5,2.2
31155,28.9,28.6,28.75,-0.3
31157,31.1,33.9,32.5,2.8
31159,27.8,29.4,28.6,1.6
31161,28.3,30.2,29.25,1.9
31163,30.0,33.1,31.55,3.1
31165,29.3,32.3,30.8,3.0
31167,31.6,34.3,32.95,2.7
31169,30.0,30.2,30.1,0.2
31171,30.1,32.8,31.45,2.7
31173,32.4,41.8,37.1,9.4
31175,29.4,32.3,30.85,2.9
31177,28.6,31.5,30.05,2.9
31179,29.7,29.6,29.65,-0.1
31181,29.6,32.9,31.25,3.3
31183,28.5,28.1,28.3,-0.4
31185,32.0,33.6,32.8,1.6
32001,25.8,25.5,25.65,-0.3
32003,26.0,27.8,26.9,1.8
32005,21.1,21.4,21.25,0.3
32007,29.8,30.3,30.05,0.5
32009,25.0,25.5,25.25,0.5
32011,26.5,27.2,26.85,0.7
32013,29.9,25.7,27.8,-4.2
32015,29.2,30.4,29.8,1.2
32017,26.2,25.9,26.05,-0.3
32019,28.6,29.8,29.2,1.2
32021,29.4,28.0,28.7,-1.4
32023,30.2,31.5,30.85,1.3
32027,33.2,31.1,32.15,-2.1
32029,25.8,26.9,26.35,1.1
32031,21.6,21.8,21.7,0.2
32033,34.5,28.7,31.6,-5.8
32510,23.7,24.6,24.15,0.9
33001,25.9,31.3,28.6,5.4
33003,21.9,25.2,23.55,3.3
33005,28.0,27.4,27.7,-0.6
33007,28.8,30.5,29.65,1.7
33009,23.0,25.3,24.15,2.3
33011,26.4,28.5,27.45,2.1
33013,25.0,29.5,27.25,4.5
33015,24.7,26.1,25.4,1.4
33017,27.4,29.1,28.25,1.7
33019,26.8,28.8,27.8,2.0
34001,26.5,27.6,27.05,1.1
34003,20.8,21.5,21.15,0.7
34005,26.2,28.0,27.1,1.8
34007,26.8,30.2,28.5,3.4
34009,24.8,27.9,26.35,3.1
34011,29.6,34.5,32.05,4.9
34013,26.1,28.7,27.4,2.6
34015,25.6,30.3,27.95,4.7
34017,24.1,23.9,24.0,-0.2
34019,19.8,22.3,21.05,2.5
34021,24.0,24.6,24.3,0.6
34023,23.7,25.0,24.35,1.3
34025,21.7,23.2,22.45,1.5
34027,20.8,21.0,20.9,0.2
34029,25.8,28.1,26.95,2.3
34031,23.7,25.7,24.7,2.0
34033,29.7,33.9,31.8,4.2
34035,22.3,22.6,22.45,0.3
34037,26.9,26.2,26.55,-0.7
34039,22.2,24.7,23.45,2.5
34041,27.5,28.8,28.15,1.3
35001,19.9,21.5,20.7,1.6
35003,18.8,20.3,19.55,1.5
35005,28.0,29.2,28.6,1.2
35006,29.0,31.2,30.1,2.2
35007,17.8,22.0,19.9,4.2
35009,26.2,30.5,28.35,4.3
35011,23.9,22.9,23.4,-1.0
35013,25.1,23.6,24.35,-1.5
35015,28.8,31.2,30.0,2.4
35017,20.7,21.8,21.25,1.1
35019,22.6,27.3,24.95,4.7
35021,22.4,22.9,22.65,0.5
35023,21.8,22.9,22.35,1.1
35025,28.8,33.8,31.3,5.0
35027,19.9,19.9,19.9,0.0
35028,19.3,19.9,19.6,0.6
35029,25.6,24.3,24.95,-1.3
35031,35.0,35.1,35.05,0.1
35033,20.2,22.6,21.4,2.4
35035,24.9,25.1,25.0,0.2
35037,27.5,32.0,29.75,4.5
35039,22.9,24.5,23.7,1.6
35041,25.9,26.9,26.4,1.0
35043,23.3,23.8,23.55,0.5
35045,28.1,31.7,29.9,3.6
35047,20.2,22.6,21.4,2.4
35049,12.9,13.7,13.3,0.8
35051,22.9,21.0,21.95,-1.9
35053,25.1,26.3,25.7,1.2
35055,16.1,17.4,16.75,1.3
35057,23.0,26.1,24.55,3.1
35059,22.3,27.0,24.65,4.7
35061,26.5,26.6,26.55,0.1
36001,25.7,25.4,25.55,-0.3
36003,26.3,29.6,27.95,3.3
36005,28.4,30.4,29.4,2.0
36007,28.1,27.3,27.7,-0.8
36009,29.0,28.1,28.55,-0.9
36011,24.7,30.6,27.65,5.9
36013,30.0,29.6,29.8,-0.4
36015,26.4,29.1,27.75,2.7
36017,25.8,30.3,28.05,4.5
36019,25.6,30.3,27.95,4.7
36021,26.2,25.0,25.6,-1.2
36023,27.6,26.8,27.2,-0.8
36025,26.5,27.9,27.2,1.4
36027,26.7,25.9,26.3,-0.8
36029,26.7,26.7,26.7,0.0
36031,25.2,27.3,26.25,2.1
36033,27.8,30.3,29.05,2.5
36035,27.4,30.1,28.75,2.7
36037,28.2,26.8,27.5,-1.4
36039,26.8,27.9,27.35,1.1
36041,25.1,26.1,25.6,1.0
36043,28.6,29.6,29.1,1.0
36045,27.6,28.4,28.0,0.8
36047,24.4,22.7,23.55,-1.7
36049,26.9,33.7,30.3,6.8
36051,28.7,31.2,29.95,2.5
36053,26.8,26.1,26.45,-0.7
36055,28.4,27.7,28.05,-0.7
36057,29.1,26.0,27.55,-3.1
36059,21.3,23.5,22.4,2.2
36061,16.1,14.7,15.4,-1.4
36063,26.9,30.4,28.65,3.5
36065,26.0,31.4,28.7,5.4
36067,28.9,27.9,28.4,-1.0
36069,28.2,29.4,28.8,1.2
36071,25.4,28.8,27.1,3.4
36073,28.8,28.5,28.65,-0.3
36075,30.0,29.2,29.6,-0.8
36077,27.5,26.0,26.75,-1.5
36079,27.4,24.1,25.75,-3.3
36081,23.7,23.8,23.75,0.1
36083,26.9,27.4,27.15,0.5
36085,25.0,28.2,26.6,3.2
36087,25.4,22.4,23.9,-3.0
36089,29.6,28.2,28.9,-1.4
36091,25.7,26.7,26.2,1.0
36093,27.0,26.1,26.55,-0.9
36095,26.1,26.2,26.15,0.1
36097,26.3,30.8,28.55,4.5
36099,29.9,28.9,29.4,-1.0
36101,29.1,30.8,29.95,1.7
36103,24.7,23.1,23.9,-1.6
36105,25.7,29.3,27.5,3.6
36107,28.4,29.3,28.85,0.9
36109,24.4,25.3,24.85,0.9
36111,27.8,27.2,27.5,-0.6
36113,28.7,27.4,28.05,-1.3
36115,26.7,31.9,29.3,5.2
36117,28.3,30.2,29.25,1.9
36119,19.0,20.3,19.65,1.3
36121,26.7,25.6,26.15,-1.1
36123,23.5,26.6,25.05,3.1
37001,31.4,35.1,33.25,3.7
37003,28.6,34.0,31.3,5.4
37005,26.7,27.1,26.9,0.4
37007,33.0,34.6,33.8,1.6
37009,24.4,29.1,26.75,4.7
37011,28.4,26.0,27.2,-2.4
37013,33.7,33.0,33.35,-0.7
37015,35.9,35.5,35.7,-0.4
37017,33.4,38.2,35.8,4.8
37019,28.4,28.0,28.2,-0.4
37021,22.2,23.5,22.85,1.3
37023,26.8,32.4,29.6,5.6
37025,29.8,30.0,29.9,0.2
37027,30.8,32.7,31.75,1.9
37029,31.6,31.0,31.3,-0.6
37031,28.7,25.8,27.25,-2.9
37033,30.2,36.0,33.1,5.8
37035,27.2,29.5,28.35,2.3
37037,25.9,27.1,26.5,1.2
37039,25.2,30.0,27.6,4.8
37041,30.0,34.2,32.1,4.2
37043,25.4,28.7,27.05,3.3
37045,31.9,30.9,31.4,-1.0
37047,33.0,31.2,32.1,-1.8
37049,29.9,30.1,30.0,0.2
37051,32.5,32.3,32.4,-0.2
37053,29.1,28.9,29.0,-0.2
37055,25.1,27.4,26.25,2.3
37057,29.9,31.4,30.65,1.5
37059,27.8,29.1,28.45,1.3
37061,31.8,32.0,31.9,0.2
37063,29.2,29.2,29.2,0.0
37065,37.2,40.8,39.0,3.6
37067,25.0,31.4,28.2,6.4
37069,31.4,31.2,31.3,-0.2
37071,27.2,33.3,30.25,6.1
37073,33.5,33.9,33.7,0.4
37075,28.8,27.5,28.15,-1.3
37077,33.3,35.8,34.55,2.5
37079,32.2,35.9,34.05,3.7
37081,27.9,30.7,29.3,2.8
37083,36.9,39.0,37.95,2.1
37085,31.7,33.2,32.45,1.5
37087,28.7,30.0,29.35,1.3
37089,25.1,27.1,26.1,2.0
37091,34.0,36.9,35.45,2.9
37093,31.7,34.7,33.2,3.0
37095,30.8,29.7,30.25,-1.1
37097,26.5,29.1,27.8,2.6
37099,29.7,31.4,30.55,1.7
37101,33.1,35.5,34.3,2.4
37103,31.9,33.9,32.9,2.0
37105,28.8,29.9,29.35,1.1
37107,32.6,37.2,34.9,4.6
37109,26.8,27.6,27.2,0.8
37111,33.5,30.9,32.2,-2.6
37113,27.1,27.4,27.25,0.3
37115,26.3,24.8,25.55,-1.5
37117,32.8,38.0,35.4,5.2
37119,25.6,23.9,24.75,-1.7
37121,26.1,29.2,27.65,3.1
37123,30.7,30.7,30.7,0.0
37125,25.9,27.4,26.65,1.5
37127,32.1,31.5,31.8,-0.6
37129,25.4,24.9,25.15,-0.5
37131,35.6,38.5,37.05,2.9
37133,30.6,29.7,30.15,-0.9
37135,22.4,23.3,22.85,0.9
37137,28.6,31.5,30.05,2.9
37139,31.7,35.4,33.55,3.7
37141,32.3,31.1,31.7,-1.2
37143,32.1,32.6,32.35,0.5
37145,30.1,32.7,31.4,2.6
37147,32.9,34.3,33.6,1.4
37149,23.2,27.3,25.25,4.1
37151,28.8,32.2,30.5,3.4
37153,30.7,37.9,34.3,7.2
37155,38.7,39.6,39.15,0.9
37157,30.9,35.4,33.15,4.5
37159,30.3,32.7,31.5,2.4
37161,29.5,28.7,29.1,-0.8
37163,32.8,36.7,34.75,3.9
37165,34.9,36.4,35.65,1.5
37167,27.7,30.0,28.85,2.3
37169,30.7,33.8,32.25,3.1
37171,28.2,30.9,29.55,2.7
37173,31.6,33.3,32.45,1.7
37175,23.7,24.3,24.0,0.6
37177,31.5,30.8,31.15,-0.7
37179,27.5,26.5,27.0,-1.0
37181,33.7,38.2,35.95,4.5
37183,26.7,24.8,25.75,-1.9
37185,36.1,39.2,37.65,3.1
37187,33.4,32.8,33.1,-0.6
37189,25.0,26.4,25.7,1.4
37191,31.9,34.4,33.15,2.5
37193,28.6,26.7,27.65,-1.9
37195,31.9,36.8,34.35,4.9
37197,29.9,31.0,30.45,1.1
37199,24.5,27.0,25.75,2.5
38001,27.6,31.9,29.75,4.3
38003,29.2,34.7,31.95,5.5
38005,31.9,31.0,31.45,-0.9
38007,27.5,28.3,27.9,0.8
38009,27.4,31.0,29.2,3.6
38011,27.5,30.3,28.9,2.8
38013,28.1,28.9,28.5,0.8
38015,25.0,29.1,27.05,4.1
38017,27.6,29.1,28.35,1.5
38019,27.7,32.1,29.9,4.4
38021,27.6,33.4,30.5,5.8
38023,28.1,27.1,27.6,-1.0
38025,30.3,33.5,31.9,3.2
38027,27.5,31.5,29.5,4.0
38029,26.9,30.9,28.9,4.0
38031,26.6,30.5,28.55,3.9
38033,27.7,32.1,29.9,4.4
38035,29.3,30.1,29.7,0.8
38037,29.5,33.3,31.4,3.8
38039,27.7,26.9,27.3,-0.8
38041,28.3,29.1,28.7,0.8
38043,27.4,30.1,28.75,2.7
38045,27.5,33.4,30.45,5.9
38047,27.6,32.8,30.2,5.2
38049,28.7,31.7,30.2,3.0
38051,29.3,32.8,31.05,3.5
38053,30.6,32.8,31.7,2.2
38055,29.0,33.4,31.2,4.4
38057,28.4,31.8,30.1,3.4
38059,29.5,33.3,31.4,3.8
38061,31.6,35.9,33.75,4.3
38063,27.1,31.7,29.4,4.6
38065,28.2,32.1,30.15,3.9
38067,29.1,32.1,30.6,3.0
38069,27.4,34.0,30.7,6.6
38071,28.3,33.2,30.75,4.9
38073,28.7,33.1,30.9,4.4
38075,27.0,31.6,29.3,4.6
38077,29.6,33.1,31.35,3.5
38079,37.6,41.4,39.5,3.8
38081,28.5,34.4,31.45,5.9
38083,28.6,31.6,30.1,3.0
38085,35.6,33.7,34.65,-1.9
38087,28.0,26.9,27.45,-1.1
38089,28.2,29.6,28.9,1.4
38091,29.5,30.2,29.85,0.7
38093,28.6,33.0,30.8,4.4
38095,28.1,30.1,29.1,2.0
38097,29.3,32.8,31.05,3.5
38099,28.5,32.2,30.35,3.7
38101,27.0,30.8,28.9,3.8
38103,27.1,33.5,30.3,6.4
38105,28.7,35.3,32.0,6.6
39001,29.6,31.1,30.35,1.5
39003,32.5,35.4,33.95,2.9
39005,29.2,27.9,28.55,-1.3
39007,30.5,33.5,32.0,3.0
39009,30.9,28.3,29.6,-2.6
39011,30.5,34.7,32.6,4.2
39013,29.4,33.5,31.45,4.1
39015,30.7,33.7,32.2,3.0
39017,30.5,32.8,31.65,2.3
39019,30.0,34.7,32.35,4.7
39021,29.4,37.0,33.2,7.6
39023,30.4,31.5,30.95,1.1
39025,29.7,30.3,30.0,0.6
39027,29.6,34.3,31.95,4.7
39029,32.6,33.0,32.8,0.4
39031,30.5,34.3,32.4,3.8
39033,30.5,32.0,31.25,1.5
39035,28.2,30.0,29.1,1.8
39037,28.8,32.3,30.55,3.5
39039,28.4,32.9,30.65,4.5
39041,26.9,28.1,27.5,1.2
39043,29.7,35.4,32.55,5.7
39045,30.7,32.6,31.65,1.9
39047,29.8,33.4,31.6,3.6
39049,30.9,29.7,30.3,-1.2
39051,30.0,36.7,33.35,6.7
39053,29.7,32.3,31.0,2.6
39055,27.3,27.0,27.15,-0.3
39057,29.0,31.3,30.15,2.3
39059,29.8,36.4,33.1,6.6
39061,26.9,29.2,28.05,2.3
39063,29.9,31.4,30.65,1.5
39065,30.2,35.2,32.7,5.0
39067,30.3,30.3,30.3,0.0
39069,30.3,29.2,29.75,-1.1
39071,29.2,32.1,30.65,2.9
39073,31.3,37.5,34.4,6.2
39075,28.6,31.2,29.9,2.6
39077,31.4,33.3,32.35,1.9
39079,31.1,37.4,34.25,6.3
39081,32.2,36.6,34.4,4.4
39083,28.6,27.6,28.1,-1.0
39085,29.8,26.7,28.25,-3.1
39087,34.5,38.8,36.65,4.3
39089,30.2,31.4,30.8,1.2
39091,30.4,34.3,32.35,3.9
39093,31.0,29.2,30.1,-1.8
39095,31.0,34.2,32.6,3.2
39097,29.4,29.6,29.5,0.2
39099,28.1,31.3,29.7,3.2
39101,29.4,35.8,32.6,6.4
39103,28.2,29.1,28.65,0.9
39105,30.1,34.3,32.2,4.2
39107,29.2,27.9,28.55,-1.3
39109,29.3,34.1,31.7,4.8
39111,31.3,36.8,34.05,5.5
39113,30.1,33.3,31.7,3.2
39115,31.1,36.7,33.9,5.6
39117,29.9,36.9,33.4,7.0
39119,29.5,31.2,30.35,1.7
39121,30.4,33.5,31.95,3.1
39123,30.2,30.6,30.4,0.4
39125,29.9,29.9,29.9,0.0
39127,30.4,36.3,33.35,5.9
39129,30.9,34.0,32.45,3.1
39131,30.1,35.8,32.95,5.7
39133,28.8,29.0,28.9,0.2
39135,29.2,29.3,29.25,0.1
39137,31.1,35.2,33.15,4.1
39139,29.0,32.8,30.9,3.8
39141,32.0,33.7,32.85,1.7
39143,29.9,33.5,31.7,3.6
39145,31.3,37.0,34.15,5.7
39147,29.2,35.1,32.15,5.9
39149,29.3,31.8,30.55,2.5
39151,30.8,30.7,30.75,-0.1
39153,28.0,30.8,29.4,2.8
39155,27.9,32.6,30.25,4.7
39157,29.3,35.0,32.15,5.7
39159,31.7,34.2,32.95,2.5
39161,30.5,37.9,34.2,7.4
39163,30.6,33.6,32.1,3.0
39165,27.6,29.9,28.75,2.3
39167,30.5,34.8,32.65,4.3
39169,30.1,30.3,30.2,0.2
39171,29.8,35.9,32.85,6.1
39173,29.6,30.9,30.25,1.3
39175,30.2,35.8,33.0,5.6
40001,33.7,38.6,36.15,4.9
40003,30.2,36.0,33.1,5.8
40005,31.0,34.3,32.65,3.3
40007,31.4,38.9,35.15,7.5
40009,31.0,35.5,33.25,4.5
40011,31.5,38.4,34.95,6.9
40013,29.5,32.5,31.0,3.0
40015,31.8,37.0,34.4,5.2
40017,30.4,35.0,32.7,4.6
40019,30.3,32.3,31.3,2.0
40021,33.2,35.5,34.35,2.3
40023,31.5,36.2,33.85,4.7
40025,28.8,32.8,30.8,4.0
40027,29.2,30.1,29.65,0.9
40029,31.3,35.6,33.45,4.3
40031,31.5,34.8,33.15,3.3
40033,32.1,36.2,34.15,4.1
40035,32.8,27.4,30.1,-5.4
40037,32.3,36.8,34.55,4.5
40039,29.7,30.9,30.3,1.2
40041,31.0,33.4,32.2,2.4
40043,31.5,35.5,33.5,4.0
40045,31.1,31.0,31.05,-0.1
40047,31.4,36.7,34.05,5.3
40049,28.7,33.8,31.25,5.1
40051,32.3,34.8,33.55,2.5
40053,29.2,36.4,32.8,7.2
40055,30.9,32.7,31.8,1.8
40057,31.0,36.8,33.9,5.8
40059,29.8,35.0,32.4,5.2
40061,33.8,38.5,36.15,4.7
40063,32.0,32.3,32.15,0.3
40065,31.2,34.1,32.65,2.9
40067,29.6,36.0,32.8,6.4
40069,31.8,39.2,35.5,7.4
40071,32.1,29.7,30.9,-2.4
40073,30.4,32.1,31.25,1.7
40075,29.9,30.8,30.35,0.9
40077,31.8,32.6,32.2,0.8
40079,29.1,39.1,34.1,10.0
40081,31.1,38.8,34.95,7.7
40083,31.5,31.4,31.45,-0.1
40085,30.5,33.5,32.0,3.0
40087,30.5,31.5,31.0,1.0
40089,31.4,35.3,33.35,3.9
40091,33.0,37.9,35.45,4.9
40093,28.3,31.6,29.95,3.3
40095,30.3,36.1,33.2,5.8
40097,32.7,34.7,33.7,2.0
40099,33.2,39.7,36.45,6.5
40101,31.2,37.4,34.3,6.2
40103,31.9,32.8,32.35,0.9
40105,31.0,36.4,33.7,5.4
40107,30.7,31.0,30.85,0.3
40109,28.7,31.2,29.95,2.5
40111,33.9,38.0,35.95,4.1
40113,31.6,34.5,33.05,2.9
40115,31.8,37.1,34.45,5.3
40117,32.8,33.9,33.35,1.1
40119,31.2,28.9,30.05,-2.3
40121,31.2,32.4,31.8,1.2
40123,34.8,35.6,35.2,0.8
40125,33.9,34.2,34.05,0.3
40127,30.9,30.3,30.6,-0.6
40129,32.1,32.8,32.45,0.7
40131,33.7,32.7,33.2,-1.0
40133,33.7,36.4,35.05,2.7
40135,34.2,32.5,33.35,-1.7
40137,30.1,34.0,32.05,3.9
40139,30.1,32.7,31.4,2.6
40141,31.7,33.4,32.55,1.7
40143,27.3,29.6,28.45,2.3
40145,30.6,33.5,32.05,2.9
40147,31.5,33.2,32.35,1.7
40149,27.6,40.6,34.1,13.0
40151,29.5,33.4,31.45,3.9
40153,29.4,38.6,34.0,9.2
41001,27.1,26.9,27.0,-0.2
41003,23.7,21.6,22.65,-2.1
41005,25.0,25.3,25.15,0.3
41007,23.7,30.7,27.2,7.0
41009,31.0,33.8,32.4,2.8
41011,30.5,30.4,30.45,-0.1
41013,27.2,25.7,26.45,-1.5
41015,27.0,29.9,28.45,2.9
41017,18.1,24.1,21.1,6.0
41019,30.1,31.0,30.55,0.9
41021,26.2,27.2,26.7,1.0
41023,27.0,29.6,28.3,2.6
41025,24.8,31.7,28.25,6.9
41027,26.9,26.5,26.7,-0.4
41029,22.4,25.6,24.0,3.2
41031,26.7,32.5,29.6,5.8
41033,25.1,27.1,26.1,2.0
41035,24.8,29.9,27.35,5.1
41037,24.0,28.0,26.0,4.0
41039,25.9,27.4,26.65,1.5
41041,25.7,28.5,27.1,2.8
41043,28.2,33.6,30.9,5.4
41045,27.8,28.5,28.15,0.7
41047,28.2,34.1,31.15,5.9
41049,26.8,30.9,28.85,4.1
41051,22.8,21.3,22.05,-1.5
41053,30.9,34.5,32.7,3.6
41055,25.6,27.1,26.35,1.5
41057,26.2,28.8,27.5,2.6
41059,31.4,31.8,31.6,0.4
41061,24.9,27.3,26.1,2.4
41063,27.2,24.3,25.75,-2.9
41065,32.4,25.5,28.95,-6.9
41067,24.0,24.0,24.0,0.0
41069,25.6,27.2,26.4,1.6
41071,25.0,27.8,26.4,2.8
42001,26.6,31.4,29.0,4.8
42003,27.1,26.7,26.9,-0.4
42005,30.3,35.9,33.1,5.6
42007,30.0,29.7,29.85,-0.3
42009,27.1,33.7,30.4,6.6
42011,29.0,32.2,30.6,3.2
42013,33.8,33.1,33.45,-0.7
42015,29.1,32.5,30.8,3.4
42017,24.4,25.7,25.05,1.3
42019,25.0,28.5,26.75,3.5
42021,33.4,28.9,31.15,-4.5
42023,28.6,27.9,28.25,-0.7
42025,29.0,35.0,32.0,6.0
42027,27.6,26.6,27.1,-1.0
42029,22.7,23.0,22.85,0.3
42031,30.4,33.8,32.1,3.4
42033,30.9,36.8,33.85,5.9
42035,27.9,32.4,30.15,4.5
42037,31.8,37.9,34.85,6.1
42039,29.3,34.5,31.9,5.2
42041,26.0,27.6,26.8,1.6
42043,31.5,32.5,32.0,1.0
42045,27.0,24.0,25.5,-3.0
42047,28.6,28.5,28.55,-0.1
42049,29.4,31.2,30.3,1.8
42051,33.4,38.5,35.95,5.1
42053,28.9,32.1,30.5,3.2
42055,29.4,32.2,30.8,2.8
42057,28.9,31.6,30.25,2.7
42059,28.6,33.4,31.0,4.8
42061,28.0,29.4,28.7,1.4
42063,28.0,37.2,32.6,9.2
42065,27.9,31.5,29.7,3.6
42067,30.8,34.7,32.75,3.9
42069,25.9,31.3,28.6,5.4
42071,28.5,29.3,28.9,0.8
42073,27.9,34.3,31.1,6.4
42075,29.0,29.5,29.25,0.5
42077,26.6,30.1,28.35,3.5
42079,28.3,28.9,28.6,0.6
42081,27.6,31.5,29.55,3.9
42083,29.6,31.9,30.75,2.3
42085,29.3,31.7,30.5,2.4
42087,30.5,32.0,31.25,1.5
42089,27.7,28.8,28.25,1.1
42091,24.5,24.6,24.55,0.1
42093,28.3,32.5,30.4,4.2
42095,28.8,28.6,28.7,-0.2
42097,28.3,35.3,31.8,7.0
42099,30.3,33.0,31.65,2.7
42101,30.2,29.8,30.0,-0.4
42103,31.3,29.1,30.2,-2.2
42105,30.0,32.4,31.2,2.4
42107,31.3,35.1,33.2,3.8
42109,30.7,32.5,31.6,1.8
42111,32.1,37.7,34.9,5.6
42113,30.6,31.1,30.85,0.5
42115,25.3,30.4,27.85,5.1
42117,31.4,30.3,30.85,-1.1
42119,29.4,28.2,28.8,-1.2
42121,30.5,34.7,32.6,4.2
42123,29.5,33.6,31.55,4.1
42125,32.4,28.3,30.35,-4.1
42127,27.9,33.1,30.5,5.2
42129,25.9,30.0,27.95,4.1
42131,30.9,33.4,32.15,2.5
42133,30.9,33.3,32.1,2.4
44001,19.9,22.9,21.4,3.0
44003,25.0,28.8,26.9,3.8
44005,20.9,23.1,22.0,2.2
44007,25.1,28.2,26.65,3.1
44009,20.7,23.9,22.3,3.2
45001,30.3,35.2,32.75,4.9
45003,31.5,31.9,31.7,0.4
45005,34.6,41.1,37.85,6.5
45007,26.8,33.9,30.35,7.1
45009,37.5,40.3,38.9,2.8
45011,34.6,36.8,35.7,2.2
45013,20.1,22.0,21.05,1.9
45015,36.3,35.0,35.65,-1.3
45017,33.9,35.3,34.6,1.4
45019,25.9,24.6,25.25,-1.3
45021,30.4,36.5,33.45,6.1
45023,32.5,36.1,34.3,3.6
45025,32.7,34.8,33.75,2.1
45027,35.9,42.3,39.1,6.4
45029,33.7,39.0,36.35,5.3
45031,32.4,37.7,35.05,5.3
45033,35.8,37.4,36.6,1.6
45035,29.8,33.9,31.85,4.1
45037,33.8,32.7,33.25,-1.1
45039,36.0,41.3,38.65,5.3
45041,32.5,34.1,33.3,1.6
45043,32.2,30.8,31.5,-1.4
45045,25.8,28.1,26.95,2.3
45047,32.7,33.5,33.1,0.8
45049,37.7,42.0,39.85,4.3
45051,27.7,29.8,28.75,2.1
45053,35.4,37.0,36.2,1.6
45055,30.5,31.7,31.1,1.2
45057,31.5,31.3,31.4,-0.2
45059,33.9,40.8,37.35,6.9
45061,36.7,44.3,40.5,7.6
45063,28.3,33.4,30.85,5.1
45065,32.2,35.2,33.7,3.0
45067,35.5,39.9,37.7,4.4
45069,38.5,39.2,38.85,0.7
45071,34.4,35.5,34.95,1.1
45073,28.2,28.0,28.1,-0.2
45075,38.5,41.9,40.2,3.4
45077,27.7,30.2,28.95,2.5
45079,30.1,32.6,31.35,2.5
45081,30.8,35.6,33.2,4.8
45083,30.0,30.5,30.25,0.5
45085,35.3,34.4,34.85,-0.9
45087,33.0,36.9,34.95,3.9
45089,39.2,42.5,40.85,3.3
45091,30.0,29.4,29.7,-0.6
46003,27.9,28.0,27.95,0.1
46005,30.1,32.0,31.05,1.9
46007,34.2,36.6,35.4,2.4
46009,29.8,29.6,29.7,-0.2
46011,27.9,27.4,27.65,-0.5
46013,29.5,32.2,30.85,2.7
46015,29.4,34.4,31.9,5.0
46017,39.1,42.0,40.55,2.9
46019,28.5,31.3,29.9,2.8
46021,27.3,30.9,29.1,3.6
46023,33.4,33.6,33.5,0.2
46025,29.8,30.6,30.2,0.8
46027,28.7,31.1,29.9,2.4
46029,28.5,31.2,29.85,2.7
46031,39.0,40.9,39.95,1.9
46033,27.9,29.7,28.8,1.8
46035,28.4,34.3,31.35,5.9
46037,28.9,30.8,29.85,1.9
46039,27.9,33.3,30.6,5.4
46041,38.9,39.9,39.4,1.0
46043,29.9,29.8,29.85,-0.1
46045,28.9,29.1,29.0,0.2
46047,29.3,31.7,30.5,2.4
46049,28.1,29.3,28.7,1.2
46051,28.0,30.6,29.3,2.6
46053,29.7,32.2,30.95,2.5
46055,28.3,30.1,29.2,1.8
46057,29.0,30.8,29.9,1.8
46059,28.9,29.9,29.4,1.0
46061,28.3,28.9,28.6,0.6
46063,29.0,32.4,30.7,3.4
46065,29.5,28.3,28.9,-1.2
46067,29.3,31.0,30.15,1.7
46069,31.4,30.5,30.95,-0.9
46071,32.4,34.8,33.6,2.4
46073,26.6,27.8,27.2,1.2
46075,29.6,29.3,29.45,-0.3
46077,26.8,33.8,30.3,7.0
46079,29.0,31.3,30.15,2.3
46081,23.6,25.7,24.65,2.1
46083,25.6,28.7,27.15,3.1
46085,33.2,33.5,33.35,0.3
46087,27.4,28.5,27.95,1.1
46089,27.4,27.3,27.35,-0.1
46091,27.9,32.2,30.05,4.3
46093,25.8,27.0,26.4,1.2
46095,32.6,32.4,32.5,-0.2
46097,28.4,31.4,29.9,3.0
46099,28.2,27.8,28.0,-0.4
46101,29.7,32.9,31.3,3.2
46103,25.9,27.3,26.6,1.4
46105,28.6,32.8,30.7,4.2
46107,28.0,29.2,28.6,1.2
46109,32.6,32.0,32.3,-0.6
46111,30.1,29.7,29.9,-0.4
46113,41.0,42.9,41.95,1.9
46115,29.4,31.4,30.4,2.0
46117,29.4,33.4,31.4,4.0
46119,30.4,33.1,31.75,2.7
46121,36.2,38.0,37.1,1.8
46123,31.9,30.7,31.3,-1.2
46125,27.9,32.9,30.4,5.0
46127,29.7,30.4,30.05,0.7
46129,29.8,28.4,29.1,-1.4
46135,29.2,30.0,29.6,0.8
46137,37.6,42.0,39.8,4.4
47001,30.1,31.7,30.9,1.6
47003,30.1,32.1,31.1,2.0
47005,31.3,32.4,31.85,1.1
47007,32.9,32.7,32.8,-0.2
47009,31.5,34.0,32.75,2.5
47011,29.1,34.9,32.0,5.8
47013,33.1,32.5,32.8,-0.6
47015,30.8,33.3,32.05,2.5
47017,33.2,32.4,32.8,-0.8
47019,34.4,31.8,33.1,-2.6
47021,30.1,33.8,31.95,3.7
47023,33.0,32.0,32.5,-1.0
47025,30.4,30.8,30.6,0.4
47027,32.4,31.3,31.85,-1.1
47029,34.9,34.4,34.65,-0.5
47031,33.8,35.9,34.85,2.1
47033,32.7,33.0,32.85,0.3
47035,29.0,29.2,29.1,0.2
47037,30.3,30.9,30.6,0.6
47039,29.4,36.3,32.85,6.9
47041,31.4,31.8,31.6,0.4
47043,30.6,35.9,33.25,5.3
47045,35.8,37.2,36.5,1.4
47047,34.6,31.1,32.85,-3.5
47049,31.3,35.5,33.4,4.2
47051,32.5,30.9,31.7,-1.6
47053,33.5,32.3,32.9,-1.2
47055,34.0,32.1,33.05,-1.9
47057,30.5,35.0,32.75,4.5
47059,32.8,29.8,31.3,-3.0
47061,29.5,31.3,30.4,1.8
47063,31.4,30.8,31.1,-0.6
47065,29.3,30.2,29.75,0.9
47067,30.4,30.6,30.5,0.2
47069,38.3,37.8,38.05,-0.5
47071,29.6,31.9,30.75,2.3
47073,33.1,32.9,33.0,-0.2
47075,36.1,38.4,37.25,2.3
47077,32.8,34.8,33.8,2.0
47079,31.7,33.7,32.7,2.0
47081,29.5,32.1,30.8,2.6
47083,31.1,33.2,32.15,2.1
47085,31.6,35.6,33.6,4.0
47087,32.3,34.7,33.5,2.4
47089,30.4,34.2,32.3,3.8
47091,30.5,29.2,29.85,-1.3
47093,28.6,29.7,29.15,1.1
47095,34.8,37.5,36.15,2.7
47097,34.4,38.3,36.35,3.9
47099,31.5,34.0,32.75,2.5
47101,29.8,34.3,32.05,4.5
47103,30.8,32.1,31.45,1.3
47105,30.5,27.5,29.0,-3.0
47107,32.4,33.7,33.05,1.3
47109,33.5,38.6,36.05,5.1
47111,33.0,34.2,33.6,1.2
47113,31.6,34.3,32.95,2.7
47115,34.5,32.9,33.7,-1.6
47117,32.2,31.3,31.75,-0.9
47119,32.5,33.6,33.05,1.1
47121,31.9,27.9,29.9,-4.0
47123,31.1,35.5,33.3,4.4
47125,30.9,29.0,29.95,-1.9
47127,31.5,32.0,31.75,0.5
47129,30.3,30.3,30.3,0.0
47131,31.6,33.6,32.6,2.0
47133,29.6,33.0,31.3,3.4
47135,32.6,31.4,32.0,-1.2
47137,31.2,33.1,32.15,1.9
47139,31.1,34.9,33.0,3.8
47141,29.4,32.6,31.0,3.2
47143,31.3,30.4,30.85,-0.9
47145,32.2,34.1,33.15,1.9
47147,31.4,35.6,33.5,4.2
47149,30.6,33.0,31.8,2.4
47151,30.9,28.9,29.9,-2.0
47153,31.3,28.3,29.8,-3.0
47155,28.8,30.6,29.7,1.8
47157,33.7,32.6,33.15,-1.1
47159,30.2,36.8,33.5,6.6
47161,32.8,31.4,32.1,-1.4
47163,31.2,30.1,30.65,-1.1
47165,29.1,29.7,29.4,0.6
47167,33.8,35.4,34.6,1.6
47169,31.9,32.9,32.4,1.0
47171,31.0,33.4,32.2,2.4
47173,29.4,31.0,30.2,1.6
47175,31.1,32.1,31.6,1.0
47177,32.9,31.4,32.15,-1.5
47179,29.4,32.2,30.8,2.8
47181,29.8,32.7,31.25,2.9
47183,30.7,30.9,30.8,0.2
47185,30.5,31.2,30.85,0.7
47187,27.4,25.9,26.65,-1.5
47189,31.9,31.7,31.8,-0.2
48001,28.3,31.6,29.95,3.3
48003,28.0,28.1,28.05,0.1
48005,30.0,37.5,33.75,7.5
48007,26.8,26.9,26.85,0.1
48009,27.6,27.1,27.35,-0.5
48011,27.8,27.2,27.5,-0.6
48013,26.8,27.9,27.35,1.1
48015,28.0,27.0,27.5,-1.0
48017,28.0,26.7,27.35,-1.3
48019,26.3,27.1,26.7,0.8
48021,30.0,33.1,31.55,3.1
48023,27.5,28.1,27.8,0.6
48025,29.1,29.3,29.2,0.2
48027,29.2,29.0,29.1,-0.2
48029,25.6,27.3,26.45,1.7
48031,27.8,28.7,28.25,0.9
48033,27.6,27.3,27.45,-0.3
48035,25.8,27.8,26.8,2.0
48037,28.8,32.4,30.6,3.6
48039,28.2,31.2,29.7,3.0
48041,26.1,28.4,27.25,2.3
48043,25.5,27.7,26.6,2.2
48045,27.5,26.4,26.95,-1.1
48047,26.9,27.2,27.05,0.3
48049,25.8,25.2,25.5,-0.6
48051,28.0,29.8,28.9,1.8
48053,27.0,30.0,28.5,3.0
48055,28.6,26.4,27.5,-2.2
48057,28.0,29.1,28.55,1.1
48059,28.6,28.4,28.5,-0.2
48061,26.7,33.2,29.95,6.5
48063,28.9,31.8,30.35,2.9
48065,27.8,28.4,28.1,0.6
48067,29.3,31.3,30.3,2.0
48069,27.4,28.1,27.75,0.7
48071,28.1,28.6,28.35,0.5
48073,29.6,30.1,29.85,0.5
48075,27.7,27.0,27.35,-0.7
48077,28.8,29.4,29.1,0.6
48079,28.5,26.9,27.7,-1.6
48081,26.6,28.1,27.35,1.5
48083,26.2,28.1,27.15,1.9
48085,23.4,24.6,24.0,1.2
48087,27.7,28.0,27.85,0.3
48089,28.1,28.5,28.3,0.4
48091,24.6,26.7,25.65,2.1
48093,26.6,28.3,27.45,1.7
48095,28.7,27.5,28.1,-1.2
48097,28.5,29.2,28.85,0.7
48099,28.1,30.3,29.2,2.2
48101,27.5,27.4,27.45,-0.1
48103,28.5,29.3,28.9,0.8
48105,28.5,27.9,28.2,-0.6
48107,27.5,27.8,27.65,0.3
48109,26.8,27.6,27.2,0.8
48111,27.5,31.5,29.5,4.0
48113,28.3,27.6,27.95,-0.7
48115,28.8,29.9,29.35,1.1
48117,27.5,29.4,28.45,1.9
48119,28.0,28.0,28.0,0.0
48121,28.5,22.1,25.3,-6.4
48123,28.3,30.6,29.45,2.3
48125,28.4,26.6,27.5,-1.8
48127,27.8,29.9,28.85,2.1
48129,26.8,27.6,27.2,0.8
48131,26.6,27.8,27.2,1.2
48133,27.1,28.2,27.65,1.1
48135,29.7,31.6,30.65,1.9
48137,28.1,27.1,27.6,-1.0
48139,29.5,29.8,29.65,0.3
48141,23.8,28.4,26.1,4.6
48143,27.6,28.2,27.9,0.6
48145,29.0,29.8,29.4,0.8
48147,26.2,28.4,27.3,2.2
48149,27.1,27.1,27.1,0.0
48151,27.2,26.7,26.95,-0.5
48153,27.7,26.8,27.25,-0.9
48155,26.7,26.3,26.5,-0.4
48157,25.4,23.9,24.65,-1.5
48159,26.9,26.9,26.9,0.0
48161,29.4,28.5,28.95,-0.9
48163,27.1,27.5,27.3,0.4
48165,27.7,30.6,29.15,2.9
48167,27.5,27.6,27.55,0.1
48169,28.4,27.5,27.95,-0.9
48171,25.5,26.8,26.15,1.3
48173,27.8,26.8,27.3,-1.0
48175,26.5,29.2,27.85,2.7
48177,28.1,29.5,28.8,1.4
48179,29.8,28.4,29.1,-1.4
48181,25.1,28.9,27.0,3.8
48183,29.4,35.3,32.35,5.9
48185,28.9,29.1,29.0,0.2
48187,28.0,30.9,29.45,2.9
48189,28.0,30.6,29.3,2.6
48191,27.4,29.1,28.25,1.7
48193,26.8,30.0,28.4,3.2
48195,27.1,28.1,27.6,1.0
48197,27.8,28.5,28.15,0.7
48199,28.4,32.1,30.25,3.7
48201,26.7,27.2,26.95,0.5
48203,29.9,33.3,31.6,3.4
48205,28.8,27.3,28.05,-1.5
48207,27.7,27.3,27.5,-0.4
48209,25.9,23.8,24.85,-2.1
48211,27.0,26.8,26.9,-0.2
48213,28.7,30.2,29.45,1.5
48215,28.7,34.4,31.55,5.7
48217,29.0,28.7,28.85,-0.3
48219,27.0,30.7,28.85,3.7
48221,26.7,26.5,26.6,-0.2
48223,29.3,30.5,29.9,1.2
48225,28.6,28.3,28.45,-0.3
48227,29.2,31.1,30.15,1.9
48229,26.4,26.3,26.35,-0.1
48231,29.8,27.0,28.4,-2.8
48233,28.4,31.1,29.75,2.7
48235,27.3,27.9,27.6,0.6
48237,27.6,26.9,27.25,-0.7
48239,28.1,32.2,30.15,4.1
48241,30.1,29.1,29.6,-1.0
48243,25.1,26.2,25.65,1.1
48245,29.7,33.2,31.45,3.5
48247,27.5,27.3,27.4,-0.2
48249,28.0,28.5,28.25,0.5
48251,29.6,30.2,29.9,0.6
48253,28.3,27.4,27.85,-0.9
48255,28.9,29.2,29.05,0.3
48257,30.2,27.2,28.7,-3.0
48259,24.7,27.3,26.0,2.6
48261,27.6,26.4,27.0,-1.2
48263,26.5,26.4,26.45,-0.1
48265,26.1,26.7,26.4,0.6
48267,26.0,28.4,27.2,2.4
48269,28.2,27.5,27.85,-0.7
48271,26.8,26.7,26.75,-0.1
48273,27.2,28.0,27.6,0.8
48275,27.5,26.6,27.05,-0.9
48277,25.5,32.7,29.1,7.2
48279,27.8,31.0,29.4,3.2
48281,26.9,28.2,27.55,1.3
48283,27.6,26.6,27.1,-1.0
48285,26.8,32.0,29.4,5.2
48287,26.8,28.1,27.45,1.3
48289,27.4,29.5,28.45,2.1
48291,28.3,27.6,27.95,-0.7
48293,28.6,33.9,31.25,5.3
48295,26.9,27.2,27.05,0.3
48297,27.5,27.6,27.55,0.1
48299,24.8,27.0,25.9,2.2
48301,27.5,29.0,28.25,1.5
48303,27.4,27.7,27.55,0.3
48305,27.4,28.4,27.9,1.0
48307,26.9,28.5,27.7,1.6
48309,31.4,28.6,30.0,-2.8
48311,27.6,32.2,29.9,4.6
48313,29.5,28.8,29.15,-0.7
48315,29.3,31.3,30.3,2.0
48317,26.8,27.1,26.95,0.3
48319,26.6,26.2,26.4,-0.4
48321,28.5,31.9,30.2,3.4
48323,26.7,29.4,28.05,2.7
48325,29.2,32.2,30.7,3.0
48327,26.5,27.3,26.9,0.8
48329,27.1,30.9,29.0,3.8
48331,28.6,29.7,29.15,1.1
48333,26.3,26.1,26.2,-0.2
48335,29.6,26.6,28.1,-3.0
48337,26.9,25.9,26.4,-1.0
48339,25.0,24.5,24.75,-0.5
48341,28.9,29.9,29.4,1.0
48343,28.7,30.0,29.35,1.3
48345,26.9,26.8,26.85,-0.1
48347,29.5,32.2,30.85,2.7
48349,29.5,28.4,28.95,-1.1
48351,28.8,28.0,28.4,-0.8
48353,28.4,29.0,28.7,0.6
48355,27.9,33.6,30.75,5.7
48357,26.8,28.7,27.75,1.9
48359,28.1,29.3,28.7,1.2
48361,29.3,29.5,29.4,0.2
48363,29.5,29.4,29.45,-0.1
48365,28.3,30.7,29.5,2.4
48367,27.5,29.0,28.25,1.5
48369,28.1,29.4,28.75,1.3
48371,26.3,28.6,27.45,2.3
48373,30.1,29.4,29.75,-0.7
48375,31.3,31.0,31.15,-0.3
48377,26.1,26.1,26.1,0.0
48379,27.7,29.7,28.7,2.0
48381,26.1,26.6,26.35,0.5
48383,27.8,27.7,27.75,-0.1
48385,26.0,27.6,26.8,1.6
48387,27.9,30.7,29.3,2.8
48389,27.4,28.3,27.85,0.9
48391,27.9,28.4,28.15,0.5
48393,27.9,26.6,27.25,-1.3
48395,28.8,29.8,29.3,1.0
48397,27.3,25.3,26.3,-2.0
48399,27.1,26.8,26.95,-0.3
48401,28.4,30.8,29.6,2.4
48403,27.0,27.8,27.4,0.8
48405,28.5,32.3,30.4,3.8
48407,27.6,28.1,27.85,0.5
48409,27.0,33.0,30.0,6.0
48411,26.9,27.4,27.15,0.5
48413,27.6,27.5,27.55,-0.1
48415,27.7,26.2,26.95,-1.5
48417,26.6,28.3,27.45,1.7
48419,29.7,31.2,30.45,1.5
48421,27.2,27.5,27.35,0.3
48423,27.6,29.6,28.6,2.0
48425,26.9,27.6,27.25,0.7
48427,27.2,29.6,28.4,2.4
48429,27.4,27.0,27.2,-0.4
48431,27.0,27.4,27.2,0.4
48433,26.8,27.0,26.9,0.2
48435,27.3,26.6,26.95,-0.7
48437,27.6,27.7,27.65,0.1
48439,26.8,29.1,27.95,2.3
48441,27.9,30.8,29.35,2.9
48443,26.0,26.8,26.4,0.8
48445,28.0,29.2,28.6,1.2
48447,26.4,26.8,26.6,0.4
48449,29.1,30.9,30.0,1.8
48451,27.8,27.6,27.7,-0.2
48453,22.7,20.3,21.5,-2.4
48455,28.0,27.4,27.7,-0.6
48457,27.1,31.0,29.05,3.9
48459,27.6,29.6,28.6,2.0
48461,27.1,26.9,27.0,-0.2
48463,27.2,30.0,28.6,2.8
48465,27.0,30.0,28.5,3.0
48467,25.8,30.2,28.0,4.4
48469,28.7,34.3,31.5,5.6
48471,31.3,29.7,30.5,-1.6
48473,30.3,33.6,31.95,3.3
48475,28.0,28.5,28.25,0.5
48477,29.7,29.6,29.65,-0.1
48479,28.4,31.3,29.85,2.9
48481,30.7,31.9,31.3,1.2
48483,27.3,27.8,27.55,0.5
48485,27.4,31.1,29.25,3.7
48487,28.4,28.0,28.2,-0.4
48489,27.9,27.6,27.75,-0.3
48491,25.0,31.1,28.05,6.1
48493,27.3,31.4,29.35,4.1
48495,27.3,27.7,27.5,0.4
48497,29.8,30.9,30.35,1.1
48499,27.5,30.1,28.8,2.6
48501,27.4,26.7,27.05,-0.7
48503,27.8,27.1,27.45,-0.7
48505,27.5,26.3,26.9,-1.2
48507,27.8,27.4,27.6,-0.4
49001,25.6,25.7,25.65,0.1
49003,27.8,33.5,30.65,5.7
49005,23.5,21.8,22.65,-1.7
49007,25.5,26.6,26.05,1.1
49009,25.0,26.1,25.55,1.1
49011,23.7,25.0,24.35,1.3
49013,26.8,27.6,27.2,0.8
49015,29.7,25.8,27.75,-3.9
49017,25.1,32.5,28.8,7.4
49019,21.5,22.3,21.9,0.8
49021,24.7,23.3,24.0,-1.4
49023,26.0,28.0,27.0,2.0
49025,25.4,26.1,25.75,0.7
49027,21.4,31.3,26.35,9.9
49029,21.3,22.0,21.65,0.7
49031,26.6,26.1,26.35,-0.5
49033,25.7,26.4,26.05,0.7
49035,23.6,25.4,24.5,1.8
49037,25.1,26.7,25.9,1.6
49039,26.4,25.4,25.9,-1.0
49041,23.1,29.9,26.5,6.8
49043,13.9,14.4,14.15,0.5
49045,30.5,31.7,31.1,1.2
49047,27.4,27.6,27.5,0.2
49049,24.2,24.4,24.3,0.2
49051,22.4,23.0,22.7,0.6
49053,23.2,23.7,23.45,0.5
49055,23.6,22.8,23.2,-0.8
49057,26.3,28.4,27.35,2.1
50001,21.6,23.0,22.3,1.4
50003,22.6,24.1,23.35,1.5
50005,25.0,28.3,26.65,3.3
50007,19.1,19.8,19.45,0.7
50009,23.9,29.8,26.85,5.9
50011,27.5,27.5,27.5,0.0
50013,24.4,26.8,25.6,2.4
50015,23.7,25.2,24.45,1.5
50017,25.8,26.6,26.2,0.8
50019,26.2,28.5,27.35,2.3
50021,25.1,29.5,27.3,4.4
50023,21.9,23.0,22.45,1.1
50025,22.9,23.4,23.15,0.5
50027,23.6,24.0,23.8,0.4
51001,31.4,34.7,33.05,3.3
51003,23.9,22.6,23.25,-1.3
51005,26.4,33.0,29.7,6.6
51007,29.2,29.0,29.1,-0.2
51009,28.4,29.4,28.9,1.0
51011,29.1,29.3,29.2,0.2
51013,20.8,16.1,18.45,-4.7
51015,26.2,34.0,30.1,7.8
51017,27.0,28.7,27.85,1.7
51019,24.9,33.1,29.0,8.2
51021,27.9,30.9,29.4,3.0
51023,26.7,25.6,26.15,-1.1
51025,32.8,35.9,34.35,3.1
51027,30.9,31.8,31.35,0.9
51029,31.0,33.5,32.25,2.5
51031,28.5,31.5,30.0,3.0
51033,29.4,29.6,29.5,0.2
51035,29.9,29.1,29.5,-0.8
51036,33.0,35.2,34.1,2.2
51037,28.3,33.5,30.9,5.2
51041,27.3,26.0,26.65,-1.3
51043,26.3,26.8,26.55,0.5
51045,26.0,27.8,26.9,1.8
51047,28.8,31.8,30.3,3.0
51049,30.7,32.1,31.4,1.4
51051,29.4,35.1,32.25,5.7
51053,31.2,32.7,31.95,1.5
51057,31.3,32.7,32.0,1.4
51059,22.7,20.3,21.5,-2.4
51061,26.4,25.5,25.95,-0.9
51063,25.7,26.5,26.1,0.8
51065,28.2,27.6,27.9,-0.6
51067,26.3,28.4,27.35,2.1
51069,29.1,31.7,30.4,2.6
51071,24.7,30.3,27.5,5.6
51073,25.7,34.5,30.1,8.8
51075,26.0,28.4,27.2,2.4
51077,26.6,30.3,28.45,3.7
51079,27.5,27.9,27.7,0.4
51081,32.1,32.7,32.4,0.6
51083,30.9,32.4,31.65,1.5
51085,25.8,27.4,26.6,1.6
51087,27.0,27.5,27.25,0.5
51089,28.2,32.3,30.25,4.1
51091,25.4,26.3,25.85,0.9
51093,29.9,29.3,29.6,-0.6
51095,26.0,25.2,25.6,-0.8
51097,30.3,30.1,30.2,-0.2
51099,27.5,28.3,27.9,0.8
51101,29.3,26.3,27.8,-3.0
51103,27.0,29.8,28.4,2.8
51105,32.6,29.4,31.0,-3.2
51107,23.3,21.6,22.45,-1.7
51109,28.7,32.4,30.55,3.7
51111,31.1,27.5,29.3,-3.6
51113,29.3,29.1,29.2,-0.2
51115,27.6,27.8,27.7,0.2
51117,29.9,30.9,30.4,1.0
51119,26.7,26.2,26.45,-0.5
51121,26.0,24.2,25.1,-1.8
51125,26.0,29.7,27.85,3.7
51127,28.6,28.2,28.4,-0.4
51131,29.8,36.1,32.95,6.3
51133,29.9,26.3,28.1,-3.6
51135,31.3,34.0,32.65,2.7
51137,27.0,28.3,27.65,1.3
51139,28.4,28.3,28.35,-0.1
51141,27.5,30.9,29.2,3.4
51143,28.5,32.0,30.25,3.5
51145,26.9,30.0,28.45,3.1
51147,30.1,32.1,31.1,2.0
51149,30.1,33.2,31.65,3.1
51153,27.9,25.5,26.7,-2.4
51155,26.0,33.0,29.5,7.0
51157,26.4,27.2,26.8,0.8
51159,28.9,29.9,29.4,1.0
51161,24.4,26.6,25.5,2.2
51163,28.3,24.8,26.55,-3.5
51165,28.3,26.4,27.35,-1.9
51167,27.2,28.9,28.05,1.7
51169,26.8,31.2,29.0,4.4
51171,27.4,26.6,27.0,-0.8
51173,26.9,29.6,28.25,2.7
51175,28.8,31.1,29.95,2.3
51177,28.5,32.7,30.6,4.2
51179,27.4,29.6,28.5,2.2
51181,31.7,35.3,33.5,3.6
51183,32.2,35.9,34.05,3.7
51185,29.0,30.3,29.65,1.3
51187,27.8,29.2,28.5,1.4
51191,24.4,30.0,27.2,5.6
51193,29.8,30.7,30.25,0.9
51195,31.6,30.8,31.2,-0.8
51197,27.7,31.3,29.5,3.6
51199,28.1,26.1,27.1,-2.0
51510,21.3,20.1,20.7,-1.2
51515,28.4,,,
51520,25.4,27.3,26.35,1.9
51530,26.2,25.9,26.05,-0.3
51540,26.0,25.9,25.95,-0.1
51550,27.9,32.3,30.1,4.4
51570,26.9,26.8,26.85,-0.1
51580,27.3,26.4,26.85,-0.9
51590,27.8,34.1,30.95,6.3
51595,30.9,29.7,30.3,-1.2
51600,26.9,21.8,24.35,-5.1
51610,26.9,27.5,27.2,0.6
51620,30.8,34.4,32.6,3.6
51630,27.0,28.8,27.9,1.8
51640,26.4,26.0,26.2,-0.4
51650,34.5,34.8,34.65,0.3
51660,26.2,24.8,25.5,-1.4
51670,30.9,31.8,31.35,0.9
51678,26.7,26.0,26.35,-0.7
51680,29.1,27.1,28.1,-2.0
51683,27.0,28.7,27.85,1.7
51685,28.3,28.3,28.3,0.0
51690,30.0,33.5,31.75,3.5
51700,29.7,32.3,31.0,2.6
51710,30.6,30.1,30.35,-0.5
51720,26.6,26.2,26.4,-0.4
51730,34.3,41.4,37.85,7.1
51735,26.4,24.7,25.55,-1.7
51740,32.5,37.2,34.85,4.7
51750,25.7,29.6,27.65,3.9
51760,29.4,30.0,29.7,0.6
51770,30.8,31.9,31.35,1.1
51775,26.7,25.2,25.95,-1.5
51790,26.5,27.1,26.8,0.6
51800,30.8,31.9,31.35,1.1
51810,25.1,27.9,26.5,2.8
51820,26.8,29.7,28.25,2.9
51830,27.0,26.0,26.5,-1.0
51840,26.8,26.7,26.75,-0.1
53001,35.8,34.4,35.1,-1.4
53003,30.5,33.4,31.95,2.9
53005,29.8,31.5,30.65,1.7
53007,22.6,26.7,24.65,4.1
53009,27.0,26.3,26.65,-0.7
53011,28.7,29.9,29.3,1.2
53013,28.2,30.0,29.1,1.8
53015,35.8,32.1,33.95,-3.7
53017,27.6,28.7,28.15,1.1
53019,23.0,28.1,25.55,5.1
53021,30.0,30.1,30.05,0.1
53023,31.2,33.1,32.15,1.9
53025,31.2,34.3,32.75,3.1
53027,33.2,36.9,35.05,3.7
53029,23.9,27.4,25.65,3.5
53031,22.2,24.5,23.35,2.3
53033,21.7,22.2,21.95,0.5
53035,28.4,29.6,29.0,1.2
53037,23.6,28.9,26.25,5.3
53039,27.9,27.5,27.7,-0.4
53041,35.4,32.8,34.1,-2.6
53043,32.0,31.2,31.6,-0.8
53045,29.3,30.5,29.9,1.2
53047,27.1,28.0,27.55,0.9
53049,30.6,31.6,31.1,1.0
53051,30.0,28.8,29.4,-1.2
53053,29.9,30.0,29.95,0.1
53055,18.4,20.7,19.55,2.3
53057,29.6,26.4,28.0,-3.2
53059,33.9,28.1,31.0,-5.8
53061,28.3,29.4,28.85,1.1
53063,27.1,29.2,28.15,2.1
53065,26.4,30.6,28.5,4.2
53067,27.6,28.1,27.85,0.5
53069,28.6,31.4,30.0,2.8
53071,26.8,28.0,27.4,1.2
53073,23.4,23.1,23.25,-0.3
53075,26.0,22.9,24.45,-3.1
53077,30.6,29.6,30.1,-1.0
54001,35.4,37.6,36.5,2.2
54003,31.9,34.3,33.1,2.4
54005,32.7,35.4,34.05,2.7
54007,32.0,32.5,32.25,0.5
54009,32.1,39.0,35.55,6.9
54011,32.0,30.5,31.25,-1.5
54013,33.2,32.7,32.95,-0.5
54015,36.3,32.6,34.45,-3.7
54017,31.2,35.7,33.45,4.5
54019,31.3,35.6,33.45,4.3
54021,34.4,39.0,36.7,4.6
54023,31.8,38.9,35.35,7.1
54025,29.3,34.2,31.75,4.9
54027,33.3,33.8,33.55,0.5
54029,32.7,34.8,33.75,2.1
54031,31.9,37.0,34.45,5.1
54033,31.5,33.7,32.6,2.2
54035,34.2,31.7,32.95,-2.5
54037,31.8,33.2,32.5,1.4
54039,30.6,32.7,31.65,2.1
54041,30.1,35.9,33.0,5.8
54043,37.8,39.9,38.85,2.1
54045,34.0,40.7,37.35,6.7
54047,32.9,42.1,37.5,9.2
54049,31.3,32.6,31.95,1.3
54051,30.9,35.2,33.05,4.3
54053,31.9,36.1,34.0,4.2
54055,31.2,37.4,34.3,6.2
54057,33.6,34.5,34.05,0.9
54059,32.6,40.3,36.45,7.7
54061,28.4,28.8,28.6,0.4
54063,29.8,30.9,30.35,1.1
54065,29.2,32.6,30.9,3.4
54067,33.9,38.2,36.05,4.3
54069,29.9,31.4,30.65,1.5
54071,31.9,36.0,33.95,4.1
54073,31.0,38.8,34.9,7.8
54075,31.4,31.4,31.4,0.0
54077,31.1,35.9,33.5,4.8
54079,30.3,34.6,32.45,4.3
54081,31.6,35.6,33.6,4.0
54083,29.7,34.8,32.25,5.1
54085,31.2,35.7,33.45,4.5
54087,32.6,36.2,34.4,3.6
54089,33.2,36.1,34.65,2.9
54091,31.0,37.0,34.0,6.0
54093,31.8,37.8,34.8,6.0
54095,32.9,32.6,32.75,-0.3
54097,28.9,38.2,33.55,9.3
54099,32.5,37.7,35.1,5.2
54101,31.2,34.7,32.95,3.5
54103,32.2,33.0,32.6,0.8
54105,33.5,36.9,35.2,3.4
54107,30.6,35.9,33.25,5.3
54109,34.3,38.8,36.55,4.5
55001,30.6,34.0,32.3,3.4
55003,27.4,27.3,27.35,-0.1
55005,28.6,31.6,30.1,3.0
55007,28.2,28.7,28.45,0.5
55009,27.4,28.4,27.9,1.0
55011,30.1,32.0,31.05,1.9
55013,29.0,28.7,28.85,-0.3
55015,28.6,31.3,29.95,2.7
55017,28.1,30.2,29.15,2.1
55019,28.6,34.1,31.35,5.5
55021,27.6,34.7,31.15,7.1
55023,27.6,33.1,30.35,5.5
55025,25.2,23.7,24.45,-1.5
55027,30.7,31.7,31.2,1.0
55029,27.4,27.5,27.45,0.1
55031,28.6,32.2,30.4,3.6
55033,27.9,32.3,30.1,4.4
55035,26.4,29.2,27.8,2.8
55037,28.6,32.0,30.3,3.4
55039,29.6,30.1,29.85,0.5
55041,29.2,34.7,31.95,5.5
55043,27.4,31.9,29.65,4.5
55045,27.5,31.4,29.45,3.9
55047,27.2,34.6,30.9,7.4
55049,29.2,31.8,30.5,2.6
55051,27.3,29.1,28.2,1.8
55053,30.1,32.6,31.35,2.5
55055,30.0,29.4,29.7,-0.6
55057,28.9,35.8,32.35,6.9
55059,28.1,32.9,30.5,4.8
55061,30.7,33.5,32.1,2.8
55063,26.4,28.3,27.35,1.9
55065,29.9,35.3,32.6,5.4
55067,30.1,29.9,30.0,-0.2
55069,29.5,32.8,31.15,3.3
55071,30.1,30.8,30.45,0.7
55073,28.2,29.5,28.85,1.3
55075,28.4,35.3,31.85,6.9
55077,30.4,34.9,32.65,4.5
55078,31.2,42.5,36.85,11.3
55079,30.2,32.9,31.55,2.7
55081,27.5,33.0,30.25,5.5
55083,27.6,30.4,29.0,2.8
55085,27.4,32.8,30.1,5.4
55087,27.6,30.1,28.85,2.5
55089,26.4,27.1,26.75,0.7
55091,29.3,34.2,31.75,4.9
55093,26.6,30.3,28.45,3.7
55095,26.7,30.3,28.5,3.6
55097,28.1,33.4,30.75,5.3
55099,29.8,34.0,31.9,4.2
55101,29.8,32.9,31.35,3.1
55103,30.0,31.8,30.9,1.8
55105,29.1,36.9,33.0,7.8
55107,28.8,31.7,30.25,2.9
55109,27.6,26.2,26.9,-1.4
55111,27.9,32.5,30.2,4.6
55113,27.9,29.7,28.8,1.8
55115,28.2,33.8,31.0,5.6
55117,28.1,29.4,28.75,1.3
55119,27.4,34.4,30.9,7.0
55121,30.1,29.6,29.85,-0.5
55123,27.8,32.8,30.3,5.0
55125,27.0,27.7,27.35,0.7
55127,26.9,25.1,26.0,-1.8
55129,28.5,30.8,29.65,2.3
55131,27.1,29.2,28.15,2.1
55133,27.1,27.5,27.3,0.4
55135,28.5,28.5,28.5,0.0
55137,29.0,32.9,30.95,3.9
55139,27.6,31.9,29.75,4.3
55141,27.5,32.3,29.9,4.8
56001,20.9,23.3,22.1,2.4
56003,27.0,28.9,27.95,1.9
56005,28.4,34.3,31.35,5.9
56007,29.5,28.2,28.85,-1.3
56009,27.7,28.3,28.0,0.6
56011,25.7,25.9,25.8,0.2
56013,25.1,28.3,26.7,3.2
56015,25.7,29.9,27.8,4.2
56017,25.3,27.0,26.15,1.7
56019,22.9,21.1,22.0,-1.8
56021,24.4,29.7,27.05,5.3
56023,21.0,25.6,23.3,4.6
56025,26.1,29.4,27.75,3.3
56027,27.1,25.5,26.3,-1.6
56029,21.8,25.5,23.65,3.7
56031,22.6,28.0,25.3,5.4
56033,23.9,23.3,23.6,-0.6
56035,24.0,23.5,23.75,-0.5
56037,29.6,31.7,30.65,2.1
56039,13.2,12.7,12.95,-0.5
56041,30.3,27.9,29.1,-2.4
56043,24.0,27.7,25.85,3.7
56045,28.6,29.2,28.9,0.6
