county_fips,PCT_poverty_rate_2015,PCT_poverty_rate_2015_children
1001,12.7,18.8
1003,12.9,19.6
1005,32.0,45.2
1007,22.2,29.3
1009,14.7,22.2
1011,39.6,51.2
1013,25.8,36.0
1015,20.0,30.7
1017,22.4,34.4
1019,19.4,30.2
1021,20.2,28.1
1023,24.4,33.5
1025,22.2,30.9
1027,18.4,27.3
1029,18.9,27.7
1031,16.2,23.7
1033,18.1,26.9
1035,28.3,41.0
1037,20.3,32.2
1039,22.3,34.1
1041,19.9,29.6
1043,19.4,24.7
1045,18.5,29.0
1047,34.6,50.1
1049,20.6,28.9
1051,14.0,19.9
1053,24.4,32.0
1055,19.0,30.7
1057,20.4,29.4
1059,21.1,32.4
1061,22.4,34.8
1063,37.7,54.7
1065,28.5,38.6
1067,17.0,27.5
1069,18.3,29.5
1071,18.4,26.9
1073,18.0,26.2
1075,24.7,33.8
1077,17.3,23.9
1079,18.7,26.4
1081,21.0,20.7
1083,14.3,18.8
1085,35.2,46.7
1087,32.2,46.1
1089,13.3,19.1
1091,23.3,34.8
1093,19.8,30.4
1095,20.1,32.7
1097,18.4,26.9
1099,28.6,35.7
1101,22.8,33.8
1103,16.4,24.0
1105,40.0,54.4
1107,24.3,35.3
1109,25.9,36.0
1111,18.7,31.7
1113,23.0,36.3
1115,12.4,17.5
1117,8.5,10.2
1119,33.2,44.2
1121,22.4,31.1
1123,21.7,34.5
1125,20.0,25.1
1127,20.6,31.1
1129,22.4,31.5
1131,33.2,49.2
1133,18.9,29.3
2013,17.4,15.5
2016,8.5,8.5
2020,8.7,12.4
2050,24.2,31.5
2060,9.0,8.6
2068,6.6,10.2
2070,20.0,30.4
2090,8.1,10.1
2100,10.9,20.2
2105,16.2,29.2
2110,8.0,10.1
2122,11.4,14.0
2130,10.3,14.4
2150,7.5,9.3
2164,19.3,31.4
2170,9.8,11.8
2180,21.4,27.6
2185,12.6,17.6
2188,26.3,34.9
2195,7.9,10.3
2198,15.6,23.8
2220,9.2,10.4
2230,3.7,6.3
2240,13.5,21.4
2261,9.5,12.2
2270,,
2275,12.0,16.0
2282,15.4,26.1
2290,23.4,34.4
4001,38.0,44.7
4003,16.9,25.7
4005,19.5,20.7
4007,21.3,36.6
4009,22.9,26.9
4011,10.1,11.3
4012,22.2,36.9
4013,16.3,23.0
4015,17.4,29.8
4017,28.1,36.7
4019,18.7,27.7
4021,15.8,21.6
4023,24.4,36.7
4025,15.1,23.4
4027,21.1,30.8
5001,20.7,30.5
5003,19.6,31.2
5005,16.4,28.5
5007,10.8,15.3
5009,16.5,25.1
5011,28.0,40.2
5013,16.7,23.1
5015,16.6,27.7
5017,31.4,43.2
5019,22.5,28.2
5021,20.8,27.9
5023,15.6,24.7
5025,18.1,25.9
5027,23.8,32.8
5029,17.8,29.1
5031,17.3,24.3
5033,14.4,22.5
5035,25.9,37.3
5037,21.5,31.8
5039,21.3,35.9
5041,30.9,45.7
5043,21.2,29.3
5045,14.8,17.0
5047,18.2,26.9
5049,19.4,34.2
5051,19.3,28.2
5053,13.2,18.8
5055,17.1,24.9
5057,24.1,34.1
5059,20.8,28.1
5061,18.7,30.7
5063,18.0,26.8
5065,19.8,31.4
5067,27.5,39.7
5069,26.5,37.8
5071,21.8,29.1
5073,22.7,36.3
5075,23.7,33.5
5077,35.9,48.7
5079,25.1,27.4
5081,19.9,28.2
5083,20.5,30.5
5085,11.9,16.7
5087,18.8,29.1
5089,18.8,34.7
5091,22.3,31.5
5093,26.3,37.6
5095,30.9,46.7
5097,21.8,34.8
5099,24.0,35.6
5101,24.2,37.1
5103,22.8,35.1
5105,16.8,25.9
5107,37.3,56.4
5109,18.5,30.2
5111,23.9,36.6
5113,24.4,32.4
5115,20.8,24.6
5117,19.6,28.5
5119,19.4,27.7
5121,17.6,27.4
5123,30.7,44.3
5125,10.7,15.3
5127,20.8,34.7
5129,22.2,39.1
5131,22.1,29.9
5133,20.8,32.2
5135,24.6,39.2
5137,21.5,36.3
5139,19.7,27.0
5141,19.0,29.6
5143,16.9,21.3
5145,19.7,24.2
5147,25.8,39.3
5149,17.8,27.6
6001,11.5,13.8
6003,19.0,35.7
6005,13.1,19.5
6007,21.4,23.8
6009,13.0,21.2
6011,13.2,19.4
6013,10.2,12.7
6015,23.3,33.8
6017,9.1,11.6
6019,25.2,36.3
6021,18.5,25.7
6023,20.9,23.0
6025,24.3,31.4
6027,12.4,19.9
6029,21.9,31.3
6031,22.4,28.4
6033,20.5,30.2
6035,17.1,19.7
6037,16.7,23.5
6039,22.6,32.3
6041,7.5,8.8
6043,15.2,24.1
6045,20.3,27.3
6047,25.9,35.9
6049,20.3,31.1
6051,11.2,17.3
6053,15.3,22.3
6055,10.1,12.1
6057,12.4,16.4
6059,12.7,16.8
6061,8.6,9.0
6063,13.8,22.5
6065,16.2,22.6
6067,16.9,22.7
6069,9.3,14.0
6071,18.9,27.3
6073,13.9,17.8
6075,12.4,13.5
6077,17.5,23.7
6079,14.4,14.6
6081,8.4,9.7
6083,15.6,20.0
6085,8.3,9.0
6087,15.4,17.6
6089,19.0,26.5
6091,13.8,17.4
6093,22.6,31.4
6095,12.0,15.8
6097,11.0,14.0
6099,19.5,26.6
6101,17.5,24.4
6103,22.5,32.1
6105,19.7,32.1
6107,27.2,36.3
6109,14.5,21.6
6111,9.9,14.3
6113,17.5,16.8
6115,21.6,31.7
8001,12.8,17.3
8003,24.0,30.2
8005,9.2,12.2
8007,13.1,25.4
8009,20.8,32.1
8011,36.7,40.3
8013,12.3,10.9
8014,4.9,5.8
8015,11.7,17.5
8017,11.7,17.3
8019,9.6,14.3
8021,20.2,29.9
8023,28.2,43.3
8025,44.3,38.5
8027,15.1,32.8
8029,15.8,23.7
8031,15.7,23.1
8033,14.9,22.4
8035,3.4,3.3
8037,7.6,10.6
8039,5.9,8.0
8041,11.0,14.9
8043,17.2,24.8
8045,10.3,14.6
8047,8.0,12.0
8049,8.3,13.5
8051,12.5,14.3
8053,10.9,30.8
8055,23.2,41.6
8057,13.9,25.3
8059,7.9,9.7
8061,13.9,22.1
8063,12.2,20.0
8065,15.7,25.5
8067,9.4,11.5
8069,12.2,10.7
8071,19.3,28.1
8073,19.4,25.0
8075,15.5,17.9
8077,14.1,17.8
8079,9.4,19.0
8081,11.7,17.4
8083,19.3,28.7
8085,17.7,25.2
8087,12.1,16.9
8089,20.6,30.6
8091,9.4,15.2
8093,9.2,14.7
8095,11.1,16.7
8097,7.0,7.6
8099,19.6,27.9
8101,19.8,27.1
8103,9.7,11.2
8105,17.2,28.7
8107,8.9,10.9
8109,29.6,49.3
8111,15.6,33.7
8113,11.0,13.3
8115,13.6,23.8
8117,8.7,10.3
8119,8.8,15.3
8121,11.4,15.6
8123,11.3,13.5
8125,14.1,18.6
9001,9.0,11.2
9003,11.1,15.7
9005,7.4,9.4
9007,6.7,7.4
9009,13.6,20.0
9011,11.1,17.4
9013,7.1,7.2
9015,10.9,16.8
10001,14.2,21.3
10003,12.1,17.6
10005,12.3,21.4
11001,17.7,28.3
12001,21.1,21.6
12003,16.8,24.2
12005,16.5,25.8
12007,21.3,31.0
12009,13.4,21.3
12011,14.0,20.3
12013,22.2,32.8
12015,12.4,23.3
12017,17.5,31.4
12019,11.6,15.7
12021,13.6,22.9
12023,19.7,30.4
12027,30.5,41.3
12029,29.3,38.2
12031,16.0,25.4
12033,15.4,27.4
12035,11.7,20.9
12037,23.7,38.5
12039,24.5,38.4
12041,19.2,29.5
12043,22.1,33.1
12045,21.9,29.2
12047,31.8,44.6
12049,25.9,36.5
12051,25.8,36.4
12053,14.3,24.5
12055,22.9,38.1
12057,15.8,21.4
12059,25.9,34.9
12061,13.0,22.5
12063,22.5,31.8
12065,19.4,30.9
12067,23.8,29.5
12069,12.8,20.9
12071,15.9,25.2
12073,21.8,22.3
12075,22.1,35.3
12077,22.6,29.9
12079,27.0,36.9
12081,14.8,24.2
12083,18.7,31.9
12085,11.2,18.1
12086,20.0,27.3
12087,11.3,18.8
12089,10.8,16.0
12091,11.3,18.7
12093,23.2,34.6
12095,15.6,22.6
12097,18.5,27.5
12099,13.5,20.8
12101,14.6,19.5
12103,13.6,20.6
12105,17.3,26.7
12107,27.3,41.1
12109,9.8,10.1
12111,16.4,25.3
12113,12.3,16.9
12115,9.7,17.6
12117,11.5,16.1
12119,10.1,30.6
12121,23.6,35.2
12123,21.2,30.0
12125,26.2,26.4
12127,16.3,25.1
12129,16.5,21.3
12131,14.8,26.1
12133,24.8,34.2
13001,22.5,34.2
13003,26.9,40.5
13005,23.9,36.8
13007,28.7,41.9
13009,26.0,35.5
13011,15.8,24.4
13013,15.6,21.3
13015,13.6,21.5
13017,32.5,46.9
13019,25.5,36.9
13021,26.7,41.6
13023,19.3,31.7
13025,21.6,34.3
13027,25.4,38.9
13029,13.1,16.2
13031,29.9,31.3
13033,25.1,37.9
13035,19.0,26.9
13037,37.5,42.4
13039,13.6,20.4
13043,28.1,43.3
13045,20.4,26.4
13047,13.1,19.6
13049,32.5,37.7
13051,17.8,25.3
13053,21.0,24.5
13055,20.4,28.8
13057,9.4,12.3
13059,38.1,41.6
13061,34.3,52.0
13063,23.3,35.4
13065,28.2,39.6
13067,11.4,16.4
13069,22.6,34.0
13071,24.1,35.5
13073,9.3,11.3
13075,24.1,35.7
13077,10.9,16.4
13079,20.6,28.9
13081,32.3,47.4
13083,16.2,21.8
13085,12.1,18.0
13087,27.3,39.9
13089,17.8,27.7
13091,24.8,38.1
13093,33.8,45.4
13095,29.4,42.1
13097,14.1,21.6
13099,26.5,41.6
13101,25.9,39.3
13103,11.4,15.3
13105,23.7,35.3
13107,27.0,40.2
13109,27.4,41.8
13111,17.4,29.8
13113,7.0,10.0
13115,19.6,28.7
13117,6.3,6.9
13119,21.9,31.3
13121,16.0,23.8
13123,16.9,30.6
13125,17.8,24.4
13127,18.2,30.0
13129,18.1,26.4
13131,29.3,41.1
13133,21.2,37.9
13135,12.6,17.9
13137,16.6,23.5
13139,16.9,24.3
13141,34.7,43.7
13143,19.2,27.0
13145,9.9,13.6
13147,18.6,28.7
13149,19.1,30.7
13151,9.9,15.8
13153,15.2,22.6
13155,24.7,37.1
13157,13.0,17.8
13159,17.4,28.9
13161,21.7,34.1
13163,27.7,39.7
13165,35.9,47.3
13167,30.2,37.1
13169,14.2,20.7
13171,21.0,29.3
13173,21.8,35.9
13175,25.5,36.0
13177,10.7,16.1
13179,20.3,27.3
13181,21.4,31.9
13183,19.1,27.7
13185,26.5,32.4
13187,16.5,22.4
13189,27.4,40.5
13191,24.0,39.3
13193,33.5,43.6
13195,15.1,23.0
13197,25.5,40.1
13199,22.1,33.7
13201,25.1,37.8
13205,28.0,38.1
13207,14.2,19.5
13209,24.3,32.2
13211,14.3,22.8
13213,17.8,26.7
13215,22.2,31.1
13217,14.9,23.3
13219,6.8,8.6
13221,16.9,25.2
13223,8.8,12.7
13225,22.0,33.4
13227,12.6,22.2
13229,22.1,31.1
13231,11.7,16.9
13233,20.8,32.3
13235,24.4,34.5
13237,18.1,33.1
13239,28.9,47.9
13241,16.1,28.1
13243,26.9,44.1
13245,24.3,37.7
13247,15.9,26.0
13249,19.5,29.0
13251,27.0,40.0
13253,25.8,42.7
13255,22.2,35.5
13257,21.2,31.0
13259,42.0,48.4
13261,30.8,48.1
13263,25.6,41.8
13265,33.5,54.4
13267,27.5,36.1
13269,27.3,41.1
13271,34.7,42.2
13273,36.5,55.7
13275,21.7,32.4
13277,27.1,39.8
13279,25.1,39.0
13281,16.7,26.6
13283,28.7,41.6
13285,19.3,28.4
13287,28.4,44.8
13289,26.3,35.1
13291,14.3,26.7
13293,22.7,33.7
13295,18.8,26.5
13297,12.7,19.3
13299,28.4,45.6
13301,27.7,43.9
13303,26.3,36.5
13305,20.8,32.8
13307,23.6,36.1
13309,39.3,39.2
13311,15.2,24.9
13313,15.3,22.1
13315,30.4,40.4
13317,22.9,34.7
13319,20.9,34.2
13321,21.7,34.3
15001,18.3,28.5
15003,9.2,11.5
15005,,
15007,11.2,15.9
15009,10.7,15.3
16001,11.7,12.2
16003,15.8,26.5
16005,22.3,22.2
16007,13.7,19.7
16009,18.0,25.5
16011,14.0,18.2
16013,8.9,12.0
16015,14.4,23.0
16017,15.8,23.6
16019,13.2,16.7
16021,15.8,24.3
16023,15.9,20.2
16025,10.7,15.4
16027,15.9,19.1
16029,10.8,14.0
16031,16.7,20.5
16033,15.3,16.5
16035,15.3,24.0
16037,14.0,19.5
16039,15.0,21.7
16041,9.7,13.0
16043,15.0,24.1
16045,15.8,24.2
16047,13.9,21.3
16049,16.3,23.0
16051,10.5,13.9
16053,15.8,21.7
16055,14.7,19.2
16057,19.6,14.5
16059,17.6,26.8
16061,16.3,26.8
16063,14.5,23.6
16065,28.1,18.6
16067,17.0,20.7
16069,13.5,18.5
16071,12.2,18.1
16073,19.9,30.2
16075,15.7,22.0
16077,14.1,20.8
16079,21.1,30.3
16081,9.8,15.9
16083,14.6,19.3
16085,10.7,18.1
16087,17.1,25.0
17001,13.4,18.9
17003,28.6,52.2
17005,14.8,19.1
17007,10.3,14.5
17009,16.7,15.8
17011,12.6,19.3
17013,11.6,15.5
17015,10.7,19.3
17017,12.2,18.1
17019,20.1,18.3
17021,12.7,19.2
17023,13.8,21.5
17025,14.5,21.1
17027,8.5,12.0
17029,21.8,24.5
17031,16.2,23.5
17033,13.4,20.2
17035,12.0,17.5
17037,16.2,16.3
17039,11.6,19.3
17041,10.2,16.3
17043,7.1,9.2
17045,13.9,22.6
17047,11.3,15.9
17049,9.8,14.1
17051,18.5,29.8
17053,11.3,18.1
17055,18.7,28.2
17057,14.9,21.0
17059,17.9,27.7
17061,16.6,23.4
17063,7.7,10.2
17065,13.0,22.4
17067,12.7,19.0
17069,20.6,35.6
17071,11.5,18.8
17073,10.7,14.7
17075,13.3,20.1
17077,23.5,29.7
17079,12.0,16.7
17081,16.7,26.5
17083,11.4,16.4
17085,9.4,13.5
17087,14.3,19.5
17089,10.8,16.1
17091,15.2,22.3
17093,4.8,6.6
17095,17.2,26.8
17097,9.0,12.3
17099,12.9,19.6
17101,17.7,23.4
17103,12.7,18.1
17105,12.8,18.2
17107,13.7,20.1
17109,22.8,26.0
17111,8.1,10.7
17113,11.7,11.6
17115,18.2,27.7
17117,13.7,21.1
17119,12.9,17.7
17121,18.0,29.5
17123,10.6,16.3
17125,13.9,23.3
17127,16.8,26.5
17129,10.3,16.6
17131,10.1,13.8
17133,5.0,5.5
17135,16.6,24.2
17137,14.8,22.3
17139,8.6,15.6
17141,10.4,14.5
17143,15.6,23.0
17145,16.8,23.6
17147,6.5,9.2
17149,15.0,22.9
17151,18.1,30.6
17153,24.7,39.9
17155,8.8,16.0
17157,14.3,19.7
17159,14.9,20.3
17161,13.2,20.8
17163,16.4,25.6
17165,23.2,35.2
17167,15.3,22.8
17169,12.9,19.6
17171,11.3,18.0
17173,11.6,17.1
17175,12.7,17.7
17177,13.0,22.5
17179,8.4,12.2
17181,15.3,25.6
17183,18.4,29.1
17185,12.2,19.6
17187,14.3,20.8
17189,8.8,13.7
17191,12.8,21.7
17193,14.9,23.0
17195,12.8,19.6
17197,8.0,11.3
17199,16.2,25.0
17201,14.7,22.5
17203,7.0,9.0
18001,12.8,25.3
18003,14.6,20.8
18005,11.9,15.5
18007,11.1,18.2
18009,14.5,24.0
18011,6.0,7.4
18013,11.4,19.9
18015,9.4,13.7
18017,13.1,20.0
18019,10.4,16.2
18021,12.9,20.4
18023,11.9,18.5
18025,18.7,28.5
18027,14.6,21.9
18029,8.9,12.7
18031,13.0,18.6
18033,10.5,14.9
18035,23.0,31.2
18037,7.6,9.0
18039,14.0,19.4
18041,16.2,23.8
18043,11.3,17.5
18045,12.1,18.9
18047,9.9,13.7
18049,11.7,19.7
18051,11.0,14.6
18053,18.0,26.9
18055,14.7,21.6
18057,4.7,5.2
18059,6.0,8.1
18061,11.2,15.3
18063,5.5,6.7
18065,14.7,20.6
18067,16.9,24.8
18069,10.9,16.2
18071,12.1,16.8
18073,9.3,13.2
18075,15.2,24.9
18077,13.4,20.2
18079,13.1,21.1
18081,8.0,10.7
18083,19.1,24.1
18085,10.0,13.8
18087,8.6,13.6
18089,16.6,26.5
18091,15.7,24.7
18093,13.9,21.0
18095,16.7,25.2
18097,20.6,31.0
18099,10.6,15.0
18101,13.8,19.5
18103,14.8,22.6
18105,23.5,18.2
18107,12.3,18.7
18109,11.4,16.2
18111,12.2,17.6
18113,9.8,14.2
18115,10.2,15.6
18117,15.7,24.3
18119,15.8,24.8
18121,17.2,25.0
18123,13.2,18.0
18125,11.1,16.2
18127,11.6,14.8
18129,9.7,12.9
18131,14.2,21.1
18133,13.6,17.6
18135,18.0,27.1
18137,10.6,15.4
18139,13.9,20.4
18141,16.7,24.5
18143,15.6,24.0
18145,11.9,17.2
18147,9.4,12.0
18149,14.8,23.0
18151,10.1,16.0
18153,16.4,20.9
18155,15.9,28.3
18157,18.9,17.8
18159,8.7,12.9
18161,12.4,20.3
18163,17.2,24.8
18165,12.9,18.5
18167,20.4,25.2
18169,12.0,18.1
18171,10.2,16.3
18173,7.5,9.8
18175,14.4,22.9
18177,18.0,28.4
18179,9.5,13.8
18181,10.9,17.9
18183,7.9,11.3
19001,11.9,16.5
19003,12.5,20.2
19005,10.8,17.0
19007,16.5,25.2
19009,10.3,15.3
19011,8.3,10.3
19013,14.2,16.8
19015,8.8,11.4
19017,7.8,7.1
19019,10.3,14.4
19021,13.7,19.1
19023,9.2,11.8
19025,12.5,16.5
19027,8.7,10.5
19029,13.9,19.7
19031,7.3,9.7
19033,12.3,14.7
19035,10.3,14.2
19037,8.5,13.6
19039,11.8,18.2
19041,11.6,15.7
19043,11.2,16.6
19045,13.4,18.2
19047,15.1,18.4
19049,5.3,6.0
19051,12.7,21.0
19053,21.7,27.1
19055,10.2,12.9
19057,14.7,22.6
19059,8.6,10.7
19061,12.0,13.9
19063,13.8,19.0
19065,12.9,18.1
19067,14.5,18.1
19069,11.9,17.3
19071,12.1,17.0
19073,11.1,16.5
19075,6.3,8.6
19077,10.4,13.6
19079,11.0,15.6
19081,9.2,12.2
19083,9.6,16.5
19085,9.9,13.2
19087,12.0,16.4
19089,11.0,15.7
19091,10.8,14.5
19093,10.6,13.1
19095,6.9,8.2
19097,12.9,17.6
19099,9.3,12.9
19101,15.3,20.0
19103,18.3,12.7
19105,11.1,14.3
19107,12.1,18.1
19109,11.6,15.1
19111,15.9,22.9
19113,11.0,12.2
19115,10.8,15.8
19117,14.7,24.1
19119,7.4,9.1
19121,8.2,10.3
19123,14.4,16.7
19125,9.2,10.6
19127,11.3,17.3
19129,10.3,13.5
19131,9.3,14.7
19133,13.2,18.0
19135,12.1,16.0
19137,13.4,19.6
19139,11.5,16.2
19141,9.2,12.3
19143,9.6,14.7
19145,15.7,24.0
19147,11.6,15.6
19149,8.3,10.2
19151,13.1,20.8
19153,11.9,14.7
19155,13.5,18.7
19157,10.9,12.6
19159,14.1,24.9
19161,10.9,14.3
19163,12.4,16.7
19165,9.2,11.3
19167,7.6,8.0
19169,18.6,9.5
19171,11.2,16.5
19173,14.7,20.3
19175,14.3,19.6
19177,15.8,24.7
19179,16.0,22.1
19181,7.8,8.9
19183,10.9,14.9
19185,16.4,26.2
19187,14.6,19.6
19189,10.8,15.0
19191,9.5,9.5
19193,14.0,19.6
19195,10.9,15.1
19197,12.6,18.2
20001,18.9,26.0
20003,14.0,19.9
20005,16.6,21.5
20007,11.1,17.3
20009,14.4,20.1
20011,18.2,26.5
20013,14.9,23.0
20015,10.6,12.8
20017,12.7,16.5
20019,16.8,25.6
20021,18.0,27.8
20023,12.3,19.2
20025,12.0,15.6
20027,11.1,16.9
20029,12.8,18.1
20031,9.9,12.4
20033,11.4,15.1
20035,15.3,21.4
20037,19.1,24.5
20039,12.3,19.6
20041,12.2,16.1
20043,13.2,19.3
20045,19.4,13.2
20047,10.6,14.0
20049,17.6,30.7
20051,12.0,12.2
20053,10.6,13.1
20055,14.6,20.5
20057,13.2,18.9
20059,11.7,17.3
20061,11.9,20.1
20063,9.9,14.9
20065,12.2,16.9
20067,10.2,15.8
20069,8.3,11.0
20071,11.4,18.4
20073,15.8,24.6
20075,13.1,19.8
20077,13.7,19.6
20079,9.4,13.5
20081,11.2,16.0
20083,9.6,12.2
20085,11.3,14.2
20087,9.1,13.9
20089,13.5,21.6
20091,5.5,6.5
20093,11.5,16.6
20095,11.5,16.9
20097,12.6,16.8
20099,18.2,27.3
20101,9.6,14.8
20103,10.7,13.1
20105,12.5,19.5
20107,14.0,21.2
20109,9.4,13.1
20111,17.5,18.9
20113,7.6,10.0
20115,10.9,14.4
20117,10.7,14.1
20119,9.5,12.3
20121,8.8,11.4
20123,10.5,14.8
20125,19.9,27.6
20127,10.8,16.9
20129,10.3,15.3
20131,8.8,10.0
20133,18.9,28.1
20135,9.4,13.6
20137,12.7,15.2
20139,12.7,17.1
20141,13.1,20.1
20143,10.0,13.8
20145,14.5,17.4
20147,11.1,17.0
20149,8.1,10.6
20151,10.8,15.6
20153,11.7,19.1
20155,13.1,17.9
20157,11.2,17.3
20159,13.8,18.1
20161,23.4,15.5
20163,11.7,15.5
20165,11.5,17.1
20167,13.2,20.7
20169,14.3,21.7
20171,7.7,12.0
20173,15.2,20.7
20175,15.0,18.2
20177,14.2,19.9
20179,10.9,17.3
20181,16.5,24.4
20183,12.2,16.5
20185,12.8,20.8
20187,10.9,16.6
20189,11.3,15.5
20191,11.7,17.6
20193,10.9,12.0
20195,10.4,14.6
20197,8.3,12.5
20199,12.4,15.9
20201,10.7,13.2
20203,10.9,16.5
20205,15.6,24.0
20207,19.5,29.6
20209,21.9,32.1
21001,27.2,41.0
21003,19.8,30.2
21005,10.7,16.8
21007,15.1,24.5
21009,19.3,28.7
21011,24.9,37.8
21013,44.7,56.8
21015,8.2,10.5
21017,14.8,24.4
21019,20.5,29.4
21021,17.2,24.9
21023,15.7,24.7
21025,32.9,42.9
21027,19.0,25.6
21029,9.6,14.5
21031,21.6,31.3
21033,18.8,29.4
21035,21.1,24.1
21037,14.4,17.8
21039,14.8,25.2
21041,17.6,28.7
21043,19.7,29.4
21045,25.1,38.2
21047,20.3,28.9
21049,15.4,23.9
21051,46.8,53.0
21053,26.4,39.6
21055,19.2,31.3
21057,24.8,36.2
21059,14.9,20.9
21061,20.0,28.6
21063,34.4,40.3
21065,28.2,38.8
21067,19.1,22.6
21069,20.0,31.8
21071,29.5,43.1
21073,13.7,22.5
21075,30.4,47.6
21077,15.0,23.8
21079,17.0,24.3
21081,16.4,27.0
21083,16.3,27.4
21085,22.9,32.5
21087,20.5,29.1
21089,16.8,23.5
21091,13.8,20.0
21093,15.0,21.6
21095,35.5,47.7
21097,16.2,24.4
21099,22.0,31.1
21101,17.0,24.2
21103,17.7,26.5
21105,17.6,29.9
21107,18.4,26.6
21109,31.2,41.0
21111,15.4,22.4
21113,18.3,23.8
21115,25.9,34.4
21117,12.8,18.2
21119,33.8,46.4
21121,32.0,45.2
21123,18.1,27.7
21125,23.0,33.1
21127,25.0,34.3
21129,34.7,50.2
21131,33.7,39.4
21133,33.2,41.9
21135,24.7,35.6
21137,21.2,31.4
21139,15.3,25.0
21141,15.5,24.3
21143,16.9,22.4
21145,15.2,24.6
21147,41.5,51.9
21149,17.3,26.0
21151,18.2,20.1
21153,32.6,45.1
21155,20.5,27.6
21157,12.1,19.5
21159,40.0,45.3
21161,19.5,29.3
21163,13.5,20.3
21165,26.8,43.5
21167,15.1,21.9
21169,22.9,38.4
21171,25.3,37.8
21173,21.5,29.9
21175,31.3,40.9
21177,19.4,26.2
21179,12.5,18.8
21181,21.5,34.3
21183,19.9,27.5
21185,6.2,6.7
21187,16.9,25.4
21189,42.4,61.6
21191,16.4,23.5
21193,28.5,37.2
21195,25.0,32.0
21197,26.0,39.3
21199,23.0,31.7
21201,22.5,36.7
21203,22.9,32.4
21205,27.2,32.4
21207,24.6,35.8
21209,13.1,18.1
21211,11.5,17.1
21213,16.0,26.2
21215,9.0,11.9
21217,23.0,33.8
21219,19.3,28.1
21221,15.1,26.5
21223,15.7,22.3
21225,20.7,20.7
21227,18.0,22.9
21229,17.1,23.6
21231,28.0,40.3
21233,18.1,24.9
21235,29.2,38.9
21237,30.7,50.4
21239,11.6,17.0
22001,23.7,32.5
22003,20.4,24.3
22005,10.7,14.8
22007,16.8,25.2
22009,25.3,34.7
22011,19.5,24.8
22013,25.4,37.4
22015,14.5,20.4
22017,22.2,34.8
22019,17.5,26.0
22021,22.9,32.8
22023,12.7,17.6
22025,27.2,37.0
22027,30.9,37.1
22029,29.5,41.6
22031,24.9,38.7
22033,18.5,26.5
22035,43.5,56.1
22037,21.8,27.6
22039,25.7,32.1
22041,25.4,40.7
22043,21.3,28.1
22045,20.8,32.7
22047,22.3,30.7
22049,21.1,30.8
22051,16.3,27.1
22053,20.3,27.2
22055,17.0,20.7
22057,14.1,20.0
22059,18.5,21.8
22061,25.5,29.8
22063,13.5,17.6
22065,37.6,52.7
22067,31.1,50.0
22069,29.6,36.2
22071,24.0,38.2
22073,23.0,33.1
22075,17.3,19.7
22077,19.3,29.2
22079,21.6,31.7
22081,25.7,37.9
22083,24.7,37.3
22085,18.1,25.9
22087,20.4,30.3
22089,11.8,17.4
22091,19.9,34.0
22093,18.3,26.6
22095,20.5,29.9
22097,27.0,37.2
22099,18.3,27.9
22101,19.7,28.3
22103,12.5,17.3
22105,24.0,35.0
22107,35.1,52.6
22109,20.1,24.9
22111,21.9,34.3
22113,18.1,23.6
22115,17.5,23.3
22117,26.2,36.9
22119,25.9,40.0
22121,15.1,22.1
22123,22.7,32.1
22125,23.9,21.7
22127,24.0,30.4
23001,15.0,21.8
23003,18.4,21.8
23005,10.7,12.2
23007,14.6,21.4
23009,11.5,16.2
23011,13.1,18.0
23013,11.4,17.9
23015,14.1,20.2
23017,17.0,25.6
23019,17.1,19.1
23021,19.1,30.5
23023,11.2,17.2
23025,18.7,25.9
23027,14.4,21.3
23029,18.8,28.8
23031,8.3,11.4
24001,20.0,27.1
24003,6.0,8.1
24005,9.1,11.9
24009,5.9,8.1
24011,14.4,22.9
24013,6.2,7.2
24015,10.0,14.8
24017,7.1,10.4
24019,18.1,29.8
24021,7.4,9.0
24023,13.6,19.3
24025,7.8,10.3
24027,5.2,6.5
24029,14.8,21.6
24031,7.5,10.5
24033,9.5,14.2
24035,7.2,10.5
24037,8.7,12.7
24039,25.8,35.9
24041,10.4,15.9
24043,12.0,17.8
24045,14.7,21.7
24047,11.3,20.7
24510,22.7,33.9
25001,7.6,11.5
25003,14.3,19.6
25005,12.6,17.3
25007,8.5,13.4
25009,11.5,16.6
25011,11.8,16.9
25013,17.1,27.4
25015,15.3,11.6
25017,7.6,8.2
25019,7.3,8.5
25021,7.1,6.4
25023,9.7,12.4
25025,19.8,29.3
25027,12.1,15.2
26001,15.8,30.8
26003,14.6,21.0
26005,11.2,15.1
26007,16.2,24.6
26009,14.2,24.1
26011,20.1,30.5
26013,17.3,24.3
26015,9.3,14.0
26017,14.5,20.8
26019,10.5,19.1
26021,17.1,26.2
26023,14.9,23.7
26025,16.1,24.0
26027,14.8,22.5
26029,11.6,18.3
26031,17.6,28.4
26033,19.7,27.4
26035,24.7,38.8
26037,10.0,10.8
26039,17.2,31.2
26041,14.8,20.8
26043,12.3,17.8
26045,10.9,15.7
26047,11.0,15.7
26049,20.5,30.2
26051,19.8,32.2
26053,18.6,27.5
26055,8.5,12.3
26057,16.5,20.6
26059,16.6,24.6
26061,17.4,18.4
26063,11.7,18.9
26065,21.0,24.1
26067,14.2,17.7
26069,16.1,32.3
26071,14.6,25.5
26073,26.1,20.0
26075,16.2,25.2
26077,16.0,19.0
26079,16.5,27.5
26081,14.5,19.1
26083,13.4,21.4
26085,24.8,45.2
26087,10.0,14.7
26089,7.9,13.4
26091,14.3,20.9
26093,6.5,7.8
26095,19.6,29.7
26097,16.1,26.1
26099,11.7,16.8
26101,15.0,25.8
26103,15.0,17.9
26105,16.8,26.9
26107,21.3,29.6
26109,16.9,26.8
26111,11.5,15.0
26113,17.5,26.2
26115,10.6,14.6
26117,17.9,26.9
26119,18.2,33.9
26121,16.1,23.4
26123,16.3,23.1
26125,9.3,11.7
26127,17.2,28.9
26129,19.4,34.2
26131,14.6,30.3
26133,18.7,29.9
26135,20.5,32.8
26137,12.1,19.2
26139,8.6,9.2
26141,13.6,25.0
26143,19.2,40.3
26145,18.6,27.7
26147,12.8,18.9
26149,14.7,22.3
26151,16.7,24.8
26153,15.9,24.8
26155,12.4,19.6
26157,15.5,25.1
26159,15.7,22.8
26161,14.2,13.4
26163,24.8,37.0
26165,14.8,25.2
27001,14.2,22.4
27003,7.1,9.2
27005,11.3,16.5
27007,16.2,23.5
27009,11.4,13.5
27011,11.5,15.9
27013,17.2,14.0
27015,8.3,10.6
27017,10.8,12.2
27019,4.5,4.7
27021,15.0,26.0
27023,11.1,15.3
27025,6.3,7.9
27027,12.1,12.5
27029,14.6,23.3
27031,11.1,17.8
27033,13.7,19.1
27035,10.4,14.9
27037,7.1,9.1
27039,6.9,8.6
27041,8.8,11.4
27043,11.3,18.1
27045,10.8,17.1
27047,13.4,19.7
27049,8.9,10.8
27051,10.6,15.1
27053,10.9,13.9
27055,8.2,10.2
27057,10.6,18.3
27059,7.7,10.1
27061,12.7,17.7
27063,9.2,13.0
27065,11.7,18.2
27067,10.9,16.8
27069,10.2,14.1
27071,14.3,22.0
27073,8.4,13.5
27075,9.8,14.6
27077,11.7,16.2
27079,8.5,10.9
27081,9.3,13.1
27083,12.2,16.7
27085,8.6,11.0
27087,21.5,34.3
27089,8.3,11.6
27091,13.6,19.5
27093,7.9,10.5
27095,12.4,18.5
27097,10.9,15.0
27099,10.8,16.1
27101,9.0,12.7
27103,10.7,11.6
27105,12.9,17.2
27107,11.7,17.6
27109,8.9,11.1
27111,9.7,14.1
27113,10.4,12.0
27115,13.9,18.6
27117,11.0,15.7
27119,11.8,16.2
27121,8.4,13.0
27123,15.1,22.5
27125,9.7,12.0
27127,11.0,15.4
27129,9.5,15.2
27131,9.2,11.2
27133,9.7,12.6
27135,9.4,12.0
27137,13.4,15.2
27139,5.1,6.0
27141,7.5,8.1
27143,8.9,12.3
27145,13.5,14.3
27147,9.4,13.2
27149,10.9,8.6
27151,11.9,15.2
27153,12.8,19.3
27155,14.4,22.7
27157,6.9,9.7
27159,15.0,19.6
27161,9.9,13.6
27163,5.1,6.0
27165,11.3,16.7
27167,9.8,13.2
27169,12.7,12.7
27171,5.1,6.1
27173,12.5,15.0
28001,29.6,43.8
28003,19.6,29.5
28005,22.2,33.7
28007,22.9,34.1
28009,25.3,38.3
28011,36.1,47.8
28013,23.0,33.7
28015,19.0,27.1
28017,26.6,38.8
28019,24.5,36.7
28021,46.3,54.0
28023,21.8,33.4
28025,27.6,42.1
28027,35.0,49.3
28029,26.1,39.1
28031,22.4,35.0
28033,10.0,13.0
28035,26.6,32.2
28037,20.6,30.8
28039,17.1,24.6
28041,22.6,26.4
28043,21.3,32.4
28045,20.8,30.1
28047,22.0,33.6
28049,27.1,38.7
28051,43.3,53.6
28053,41.5,60.2
28055,40.4,46.0
28057,18.1,25.4
28059,16.1,23.0
28061,22.8,31.8
28063,39.3,44.6
28065,30.5,44.2
28067,23.2,32.3
28069,31.9,43.1
28071,21.0,20.2
28073,16.4,21.3
28075,22.0,33.2
28077,20.9,31.8
28079,24.3,38.9
28081,17.4,25.2
28083,42.3,55.3
28085,20.0,27.8
28087,23.5,36.3
28089,12.7,18.5
28091,24.2,36.5
28093,23.3,37.3
28095,20.7,30.6
28097,25.8,38.3
28099,25.5,34.7
28101,22.7,31.4
28103,34.3,46.9
28105,27.1,30.8
28107,24.8,38.5
28109,21.0,30.6
28111,21.0,32.8
28113,30.1,43.1
28115,15.6,25.6
28117,19.5,28.2
28119,38.2,56.8
28121,9.7,14.2
28123,21.7,31.5
28125,34.3,53.7
28127,24.5,35.3
28129,19.5,27.1
28131,20.5,30.0
28133,39.3,50.6
28135,32.9,45.2
28137,19.2,29.1
28139,18.2,27.2
28141,17.1,24.9
28143,28.9,46.2
28145,17.0,25.1
28147,27.6,42.1
28149,21.6,32.8
28151,36.2,51.4
28153,24.5,35.8
28155,20.5,30.2
28157,34.5,42.4
28159,26.6,38.9
28161,22.4,33.4
28163,34.2,43.4
29001,21.9,23.3
29003,9.5,12.9
29005,13.0,17.3
29007,18.7,26.9
29009,20.7,29.7
29011,18.0,26.9
29013,14.1,22.5
29015,18.7,31.8
29017,18.3,27.0
29019,17.7,14.6
29021,17.3,23.7
29023,23.4,36.7
29025,12.7,19.7
29027,13.9,21.2
29029,14.9,26.1
29031,16.4,19.4
29033,15.7,22.7
29035,21.4,36.3
29037,9.2,12.3
29039,19.9,33.7
29041,13.3,18.8
29043,10.4,14.3
29045,14.7,22.5
29047,7.8,9.7
29049,10.4,15.1
29051,11.9,16.2
29053,14.4,19.9
29055,19.4,28.6
29057,17.5,27.6
29059,18.1,29.4
29061,15.3,27.6
29063,20.0,18.5
29065,21.5,31.0
29067,23.1,35.5
29069,27.6,39.0
29071,11.4,16.3
29073,12.1,19.2
29075,14.9,21.4
29077,17.7,21.4
29079,19.1,27.8
29081,18.0,26.9
29083,18.8,26.7
29085,23.8,39.3
29087,13.7,20.3
29089,15.9,20.9
29091,19.9,30.0
29093,22.9,34.4
29095,17.6,25.0
29097,16.0,22.6
29099,10.5,13.6
29101,16.3,17.2
29103,18.7,30.4
29105,17.4,25.9
29107,12.2,18.0
29109,18.3,27.3
29111,16.3,24.7
29113,11.3,15.4
29115,17.4,26.6
29117,18.8,26.2
29119,20.1,31.0
29121,14.6,23.2
29123,19.3,29.6
29125,15.4,24.4
29127,17.7,23.4
29129,14.2,21.9
29131,18.7,27.3
29133,26.6,38.0
29135,14.7,20.4
29137,14.0,22.8
29139,17.0,26.2
29141,23.1,33.1
29143,23.9,36.9
29145,14.5,20.7
29147,22.9,16.8
29149,24.7,39.8
29151,9.6,11.4
29153,27.7,41.3
29155,28.0,41.3
29157,11.1,15.7
29159,15.1,22.5
29161,19.1,25.1
29163,18.2,25.6
29165,7.6,9.5
29167,17.5,26.0
29169,16.2,17.5
29171,18.0,27.8
29173,11.5,16.1
29175,20.0,26.5
29177,11.1,16.1
29179,21.5,34.3
29181,25.4,39.3
29183,6.3,7.8
29185,22.6,36.2
29186,10.9,16.6
29187,18.2,25.4
29189,10.3,14.0
29195,16.5,22.4
29197,18.3,31.6
29199,15.8,25.0
29201,18.1,25.8
29203,23.9,42.6
29205,16.8,24.4
29207,19.0,26.4
29209,14.8,25.8
29211,17.4,23.2
29213,16.0,25.0
29215,23.3,33.4
29217,18.5,28.1
29219,12.3,18.8
29221,20.7,32.6
29223,24.3,37.7
29225,19.2,30.1
29227,15.9,25.3
29229,24.1,37.5
29510,25.5,39.3
30001,17.0,20.7
30003,31.0,39.5
30005,29.6,40.4
30007,10.8,15.8
30009,11.7,15.0
30011,13.9,23.1
30013,14.4,19.2
30015,17.6,22.9
30017,12.2,16.2
30019,10.2,9.6
30021,11.0,12.4
30023,18.1,23.2
30025,7.7,9.9
30027,13.6,18.0
30029,14.0,18.8
30031,10.9,9.9
30033,14.2,18.5
30035,28.1,37.5
30037,20.2,31.3
30039,14.1,24.0
30041,21.2,24.8
30043,9.8,13.1
30045,13.8,14.2
30047,20.8,29.2
30049,12.2,15.1
30051,17.0,20.8
30053,20.3,32.2
30055,13.9,16.6
30057,11.4,17.1
30059,17.3,31.8
30061,16.4,26.6
30063,15.8,16.8
30065,17.7,27.7
30067,12.7,16.9
30069,15.4,23.3
30071,16.4,21.4
30073,20.1,29.3
30075,10.7,14.3
30077,18.1,20.1
30079,12.5,18.8
30081,14.9,22.9
30083,7.0,10.2
30085,24.3,32.7
30087,18.8,25.0
30089,18.7,28.3
30091,9.4,10.3
30093,16.7,21.9
30095,9.1,10.3
30097,10.7,14.2
30099,12.4,19.9
30101,17.0,19.6
30103,11.8,19.7
30105,12.1,17.1
30107,20.1,33.3
30109,10.1,14.0
30111,10.4,14.1
31001,12.7,16.3
31003,12.2,16.7
31005,13.2,18.0
31007,11.9,21.1
31009,16.6,27.3
31011,9.2,12.7
31013,11.6,15.7
31015,12.2,19.8
31017,12.6,19.5
31019,13.0,12.0
31021,11.6,16.6
31023,8.1,10.4
31025,7.1,9.8
31027,9.4,12.4
31029,8.2,11.0
31031,11.7,18.0
31033,9.0,11.1
31035,10.2,14.7
31037,10.9,14.7
31039,9.9,13.0
31041,11.6,16.1
31043,14.6,20.7
31045,17.8,20.5
31047,12.6,16.7
31049,11.1,18.7
31051,9.3,12.2
31053,11.6,15.1
31055,14.5,20.0
31057,13.2,19.2
31059,9.8,12.8
31061,13.3,19.7
31063,12.6,19.0
31065,13.4,18.4
31067,10.2,15.0
31069,14.8,27.3
31071,11.9,15.5
31073,9.1,16.5
31075,9.2,6.7
31077,12.2,20.1
31079,13.5,19.5
31081,7.3,8.9
31083,12.0,17.4
31085,14.7,23.8
31087,14.1,20.4
31089,11.9,15.9
31091,8.1,11.5
31093,10.4,13.6
31095,12.3,17.1
31097,13.2,14.1
31099,8.6,11.9
31101,10.9,19.0
31103,15.1,20.8
31105,12.7,19.1
31107,13.7,20.1
31109,13.5,14.1
31111,12.3,16.3
31113,8.9,13.3
31115,15.3,24.3
31117,12.1,20.0
31119,13.8,17.6
31121,10.4,15.1
31123,13.5,20.1
31125,13.2,16.5
31127,13.1,15.1
31129,12.5,19.4
31131,10.6,14.3
31133,13.2,22.1
31135,10.1,13.4
31137,10.4,13.8
31139,9.4,11.6
31141,8.3,11.3
31143,7.9,10.8
31145,11.8,15.9
31147,13.0,19.8
31149,14.2,18.3
31151,10.0,13.3
31153,5.8,7.5
31155,8.8,11.3
31157,15.1,22.8
31159,7.5,7.6
31161,14.3,23.4
31163,12.5,18.9
31165,14.0,20.5
31167,8.5,12.0
31169,10.2,14.9
31171,12.6,17.8
31173,25.6,35.6
31175,12.2,16.2
31177,6.7,8.4
31179,12.0,11.6
31181,12.9,14.8
31183,11.4,18.4
31185,10.1,14.2
32001,13.1,19.3
32003,15.4,22.6
32005,9.4,15.2
32007,9.9,12.6
32009,14.7,20.7
32011,9.5,12.0
32013,9.4,15.0
32015,10.8,14.4
32017,14.3,17.8
32019,13.8,22.6
32021,18.0,33.6
32023,17.5,28.6
32027,18.3,19.9
32029,7.8,13.1
32031,13.8,18.3
32033,14.1,19.3
32510,16.4,23.1
33001,8.8,13.5
33003,9.6,17.7
33005,9.9,14.0
33007,16.1,23.4
33009,11.2,14.9
33011,8.0,10.2
33013,8.3,10.7
33015,5.2,6.5
33017,11.4,13.6
33019,11.2,17.5
34001,14.1,21.9
34003,7.1,8.6
34005,7.7,10.0
34007,13.1,19.6
34009,10.5,18.1
34011,17.2,25.5
34013,16.8,24.1
34015,7.7,9.8
34017,17.7,27.0
34019,5.0,4.6
34021,11.2,15.2
34023,8.5,10.8
34025,7.5,10.0
34027,5.3,5.8
34029,10.9,18.9
34031,17.3,26.3
34033,11.9,18.5
34035,5.5,7.0
34037,5.6,7.0
34039,10.6,15.7
34041,7.7,10.7
35001,19.0,25.0
35003,23.4,44.9
35005,21.1,28.8
35006,29.2,37.9
35007,19.7,29.8
35009,21.7,29.3
35011,20.2,32.6
35013,25.7,38.8
35015,12.3,17.1
35017,20.5,30.1
35019,23.9,31.6
35021,14.3,20.9
35023,25.2,35.4
35025,14.3,18.3
35027,17.8,32.3
35028,4.0,4.1
35029,30.9,41.2
35031,34.1,39.2
35033,23.9,35.5
35035,23.0,33.6
35037,23.0,35.7
35039,24.2,30.6
35041,20.4,26.6
35043,11.2,15.7
35045,18.8,23.5
35047,28.7,35.9
35049,13.1,18.6
35051,28.7,43.6
35053,23.5,40.7
35055,19.9,32.0
35057,26.2,36.7
35059,17.1,26.3
35061,19.8,27.0
36001,12.6,16.4
36003,16.8,25.6
36005,30.3,42.6
36007,17.7,23.2
36009,18.0,26.1
36011,12.7,20.3
36013,17.2,28.2
36015,14.9,23.2
36017,14.3,23.3
36019,17.5,22.3
36021,13.6,19.4
36023,16.2,20.0
36025,16.9,27.1
36027,10.4,12.9
36029,15.6,24.3
36031,12.2,19.3
36033,18.3,26.2
36035,17.9,26.9
36037,13.4,19.4
36039,16.4,24.3
36041,11.1,19.4
36043,12.7,20.3
36045,14.1,21.1
36047,22.3,31.5
36049,14.0,22.4
36051,13.2,16.4
36053,12.9,18.1
36055,14.8,22.0
36057,18.4,27.9
36059,6.1,8.4
36061,17.6,24.9
36063,15.5,23.3
36065,18.0,29.8
36067,14.6,20.8
36069,9.6,13.7
36071,12.1,20.1
36073,14.2,22.6
36075,17.4,25.2
36077,16.8,19.9
36079,6.0,6.5
36081,13.9,19.6
36083,12.0,18.2
36085,14.2,18.3
36087,14.0,23.0
36089,18.5,23.4
36091,6.4,8.5
36093,12.0,18.3
36095,13.7,21.2
36097,12.5,19.9
36099,14.1,21.2
36101,15.4,22.7
36103,7.8,10.7
36105,18.1,29.2
36107,11.7,17.8
36109,20.1,16.8
36111,14.0,18.3
36113,11.3,17.0
36115,13.3,20.4
36117,12.2,16.9
36119,10.1,13.1
36121,13.3,17.3
36123,13.6,22.1
37001,18.9,26.1
37003,15.5,22.3
37005,22.9,35.9
37007,25.2,35.6
37009,20.2,31.8
37011,19.7,29.9
37013,19.2,33.3
37015,24.8,35.9
37017,25.4,35.2
37019,14.3,24.5
37021,15.2,23.2
37023,16.7,23.6
37025,10.8,15.2
37027,16.2,23.9
37029,9.7,13.7
37031,13.8,22.7
37033,20.1,29.8
37035,15.1,20.8
37037,11.6,18.0
37039,18.3,30.9
37041,19.4,33.0
37043,17.4,31.9
37045,19.8,29.4
37047,24.0,34.1
37049,15.0,24.2
37051,18.8,27.6
37053,10.4,17.0
37055,10.3,17.8
37057,14.1,21.3
37059,12.3,18.4
37061,24.9,34.1
37063,17.1,26.0
37065,27.8,42.6
37067,18.1,28.5
37069,16.0,22.5
37071,17.3,25.0
37073,16.7,23.5
37075,21.0,32.6
37077,16.0,21.8
37079,25.4,34.5
37081,15.7,23.5
37083,27.9,39.1
37085,17.7,23.8
37087,17.6,27.3
37089,13.1,21.1
37091,26.9,37.6
37093,19.9,28.5
37095,23.0,30.7
37097,14.2,19.3
37099,20.9,27.3
37101,13.0,18.7
37103,21.4,36.5
37105,17.1,25.8
37107,22.7,36.9
37109,13.4,20.4
37111,18.8,26.8
37113,16.9,29.4
37115,20.9,29.1
37117,22.5,36.3
37119,14.3,19.1
37121,16.7,27.5
37123,19.9,31.3
37125,13.2,21.1
37127,18.1,25.9
37129,17.3,22.1
37131,26.8,45.3
37133,15.3,21.5
37135,14.3,13.1
37137,14.6,32.3
37139,19.1,29.5
37141,14.8,21.9
37143,17.6,31.6
37145,16.3,24.0
37147,25.9,30.6
37149,13.5,24.1
37151,16.4,25.0
37153,28.7,42.8
37155,30.6,41.9
37157,18.4,26.3
37159,17.3,26.5
37161,19.2,29.6
37163,21.4,29.5
37165,29.0,44.4
37167,17.1,25.1
37169,15.3,22.8
37171,18.2,27.0
37173,16.2,26.0
37175,15.4,29.6
37177,25.0,36.2
37179,9.7,12.7
37181,24.6,37.3
37183,11.1,14.7
37185,27.3,37.1
37187,23.4,40.9
37189,25.3,18.9
37191,18.4,28.1
37193,18.7,27.4
37195,19.9,30.3
37197,16.3,24.9
37199,19.3,29.2
38001,10.1,12.4
38003,12.4,13.5
38005,27.9,39.0
38007,7.1,5.9
38009,10.6,13.7
38011,7.6,7.7
38013,8.4,11.1
38015,9.0,8.5
38017,10.7,10.0
38019,9.4,13.0
38021,10.3,14.3
38023,8.6,11.2
38025,9.9,12.2
38027,11.3,15.0
38029,13.9,16.2
38031,8.4,12.0
38033,10.2,12.3
38035,14.3,13.8
38037,15.6,18.4
38039,10.0,9.5
38041,10.6,10.2
38043,13.9,18.8
38045,10.9,13.3
38047,11.8,13.3
38049,11.1,13.0
38051,12.5,16.4
38053,8.4,10.2
38055,10.0,12.0
38057,7.2,7.0
38059,7.8,10.7
38061,11.2,14.6
38063,11.6,16.5
38065,10.2,17.5
38067,8.8,11.2
38069,16.1,17.3
38071,12.0,16.8
38073,9.1,12.3
38075,7.6,8.1
38077,10.2,11.5
38079,25.5,31.7
38081,7.8,10.4
38083,17.6,18.7
38085,40.4,45.1
38087,9.0,9.0
38089,7.5,8.0
38091,7.8,12.1
38093,11.4,14.2
38095,10.4,15.2
38097,9.5,9.7
38099,10.8,13.3
38101,8.4,9.6
38103,10.4,11.7
38105,7.8,9.3
39001,21.3,29.3
39003,15.5,23.4
39005,14.1,20.1
39007,18.6,28.6
39009,31.5,29.1
39011,8.7,11.5
39013,14.6,21.1
39015,14.9,23.6
39017,14.4,18.3
39019,13.0,20.0
39021,10.8,16.2
39023,15.1,25.1
39025,9.5,13.5
39027,13.6,21.1
39029,14.7,22.3
39031,15.1,23.4
39033,16.5,24.4
39035,18.2,26.2
39037,9.6,15.2
39039,10.2,16.2
39041,4.4,4.7
39043,12.7,22.3
39045,9.1,12.4
39047,16.3,26.2
39049,17.1,24.5
39051,8.5,12.4
39053,21.7,32.4
39055,6.7,8.8
39057,12.7,16.2
39059,18.6,28.7
39061,16.6,23.1
39063,10.6,14.6
39065,16.5,21.2
39067,15.5,24.3
39069,9.4,13.9
39071,17.9,27.6
39073,15.7,23.8
39075,10.8,15.7
39077,13.1,20.7
39079,20.4,29.2
39081,17.8,28.5
39083,14.8,19.9
39085,8.3,12.6
39087,21.0,30.1
39089,12.6,17.4
39091,10.9,17.3
39093,13.5,20.9
39095,19.5,28.9
39097,9.3,14.0
39099,16.8,26.8
39101,18.2,27.7
39103,7.0,8.8
39105,22.8,31.3
39107,7.8,10.6
39109,10.7,14.0
39111,18.3,24.4
39113,17.7,27.0
39115,19.0,29.1
39117,11.3,19.4
39119,16.5,26.7
39121,15.0,17.8
39123,9.7,15.3
39125,10.9,17.3
39127,18.8,25.9
39129,12.4,17.6
39131,21.4,33.3
39133,13.6,16.1
39135,12.7,18.9
39137,7.2,8.7
39139,15.1,23.4
39141,17.8,25.9
39143,12.2,18.3
39145,23.0,32.1
39147,13.6,19.8
39149,8.9,13.6
39151,13.4,20.2
39153,14.4,21.5
39155,17.6,26.9
39157,13.0,18.0
39159,7.6,8.8
39161,11.2,15.3
39163,18.9,32.9
39165,5.2,6.6
39167,15.0,21.5
39169,11.3,16.9
39171,12.0,17.5
39173,11.7,10.9
39175,8.8,11.7
40001,28.4,42.7
40003,14.6,16.3
40005,23.0,30.6
40007,11.1,14.1
40009,13.9,18.2
40011,16.3,25.3
40013,18.1,25.9
40015,21.3,27.7
40017,9.8,11.2
40019,16.3,23.2
40021,21.5,28.6
40023,29.9,40.2
40025,17.0,29.6
40027,11.5,12.8
40029,19.4,28.5
40031,15.1,20.7
40033,16.8,23.5
40035,18.2,27.4
40037,15.7,21.9
40039,17.9,20.4
40041,20.5,32.8
40043,13.1,17.8
40045,11.9,17.0
40047,14.5,20.2
40049,14.2,20.3
40051,13.1,17.7
40053,11.4,15.4
40055,23.7,26.6
40057,23.6,31.8
40059,9.8,13.4
40061,18.1,27.7
40063,20.1,28.9
40065,17.2,24.8
40067,19.9,30.0
40069,21.4,29.1
40071,18.7,27.0
40073,10.6,13.4
40075,21.1,29.3
40077,19.4,26.9
40079,19.3,27.4
40081,14.7,20.5
40083,13.1,16.4
40085,12.4,21.2
40087,10.7,14.2
40089,25.3,32.3
40091,21.3,31.9
40093,10.8,13.6
40095,17.1,25.5
40097,18.5,25.9
40099,14.4,19.4
40101,21.1,27.6
40103,11.8,17.3
40105,16.4,25.3
40107,23.9,31.4
40109,16.2,23.5
40111,22.5,32.2
40113,16.3,23.9
40115,23.0,33.0
40117,16.0,23.6
40119,22.7,18.0
40121,17.0,23.3
40123,15.4,20.6
40125,17.0,22.6
40127,21.1,30.6
40129,10.8,15.5
40131,10.0,13.8
40133,20.7,30.5
40135,24.4,32.7
40137,15.6,21.9
40139,11.4,15.8
40141,23.1,30.2
40143,15.9,22.6
40145,10.2,14.7
40147,13.5,19.7
40149,15.8,21.4
40151,13.8,15.6
40153,11.8,16.1
41001,15.3,27.0
41003,18.3,15.0
41005,9.4,12.3
41007,13.9,21.5
41009,13.4,16.6
41011,18.7,29.8
41013,15.9,25.6
41015,17.2,27.0
41017,13.4,18.2
41019,19.5,30.7
41021,12.9,17.9
41023,16.4,26.4
41025,16.3,25.5
41027,11.5,17.9
41029,19.3,25.2
41031,21.9,31.7
41033,21.9,34.4
41035,19.9,29.4
41037,18.6,26.1
41039,19.0,23.1
41041,17.0,27.9
41043,15.8,22.4
41045,24.9,33.9
41047,16.8,24.1
41049,15.0,22.9
41051,15.7,18.5
41053,13.7,18.1
41055,16.3,20.7
41057,15.5,25.2
41059,19.2,26.3
41061,16.5,21.2
41063,16.1,26.2
41065,16.0,24.1
41067,10.5,12.3
41069,21.4,43.6
41071,13.3,18.1
42001,8.5,13.5
42003,12.2,16.5
42005,12.6,19.2
42007,13.1,20.3
42009,13.9,19.0
42011,12.6,19.9
42013,15.3,22.5
42015,13.0,19.8
42017,6.3,7.8
42019,9.5,11.3
42021,14.9,21.5
42023,13.3,22.4
42025,11.5,18.8
42027,16.1,12.2
42029,6.0,7.4
42031,17.4,21.3
42033,16.6,26.2
42035,16.0,22.3
42037,15.0,18.5
42039,15.3,23.5
42041,7.3,10.4
42043,13.6,23.4
42045,10.4,14.4
42047,9.3,14.2
42049,17.1,26.3
42051,20.1,31.2
42053,24.3,46.4
42055,9.4,14.9
42057,11.6,19.4
42059,15.1,21.5
42061,14.3,20.7
42063,18.2,22.3
42065,14.6,21.9
42067,12.8,19.0
42069,15.3,22.4
42071,10.6,15.5
42073,17.5,26.6
42075,11.6,17.4
42077,12.1,19.1
42079,15.1,23.9
42081,14.8,23.1
42083,16.9,25.6
42085,14.2,24.0
42087,15.4,26.4
42089,12.7,17.6
42091,6.6,7.5
42093,9.0,15.2
42095,8.8,13.4
42097,13.1,20.2
42099,9.6,14.3
42101,25.4,38.4
42103,10.9,17.1
42105,14.3,23.6
42107,13.0,19.0
42109,11.7,18.0
42111,14.4,21.8
42113,13.5,20.7
42115,12.6,19.6
42117,13.1,18.9
42119,12.4,13.6
42121,13.5,23.2
42123,12.2,22.7
42125,10.1,13.8
42127,13.3,20.7
42129,11.3,15.5
42131,11.1,17.7
42133,10.4,15.2
44001,9.3,9.7
44003,8.7,12.5
44005,11.1,13.8
44007,17.2,25.7
44009,9.9,11.3
45001,19.1,26.2
45003,18.1,27.1
45005,41.0,50.6
45007,17.2,25.1
45009,32.7,43.9
45011,27.3,38.2
45013,12.9,21.3
45015,13.0,18.7
45017,21.3,29.4
45019,14.9,22.9
45021,20.3,29.7
45023,25.7,38.0
45025,23.5,33.7
45027,25.4,38.1
45029,23.1,36.7
45031,21.5,33.4
45033,31.2,42.8
45035,13.6,18.8
45037,18.9,27.1
45039,23.0,33.4
45041,20.3,28.7
45043,19.3,32.0
45045,13.8,17.7
45047,19.1,26.2
45049,23.6,35.1
45051,16.7,29.6
45053,23.2,40.1
45055,15.5,23.3
45057,14.4,21.0
45059,18.9,30.7
45061,28.3,38.6
45063,13.2,19.1
45065,19.2,35.2
45067,24.4,41.1
45069,28.2,37.9
45071,19.1,28.5
45073,18.0,25.1
45075,24.0,36.8
45077,18.1,19.4
45079,15.8,22.3
45081,18.3,29.6
45083,15.0,21.5
45085,19.6,29.8
45087,23.2,33.8
45089,33.6,43.3
45091,12.5,17.1
46003,9.6,12.0
46005,15.5,21.4
46007,35.1,47.0
46009,14.6,17.1
46011,14.5,11.2
46013,10.2,12.6
46015,12.7,17.6
46017,36.8,43.5
46019,13.9,20.1
46021,9.5,8.6
46023,23.3,34.6
46025,12.6,21.1
46027,19.0,17.7
46029,10.8,12.4
46031,47.4,59.8
46033,10.7,17.7
46035,13.4,15.1
46037,14.2,18.1
46039,10.0,12.4
46041,24.7,32.9
46043,10.4,12.2
46045,10.7,14.9
46047,14.6,22.6
46049,12.9,14.4
46051,9.2,11.0
46053,18.1,24.9
46055,10.8,14.8
46057,9.0,11.4
46059,8.5,10.9
46061,8.7,15.3
46063,10.2,13.3
46065,10.8,13.3
46067,12.3,18.2
46069,11.1,14.9
46071,32.5,45.2
46073,13.7,19.9
46075,13.5,22.6
46077,9.5,12.2
46079,10.1,11.7
46081,12.9,16.0
46083,4.3,4.8
46085,22.7,35.2
46087,9.5,13.7
46089,15.7,22.5
46091,12.3,21.3
46093,9.9,13.2
46095,35.6,44.2
46097,10.8,14.3
46099,12.2,14.5
46101,10.7,14.6
46103,12.2,18.4
46105,13.1,15.0
46107,10.0,13.0
46109,20.0,29.0
46111,11.9,18.1
46113,,
46115,12.1,15.2
46117,8.3,11.0
46119,6.9,8.6
46121,44.0,52.3
46123,17.7,25.9
46125,10.0,9.6
46127,6.3,7.0
46129,14.8,20.3
46135,13.6,14.5
46137,47.1,54.0
47001,19.7,30.0
47003,17.0,24.7
47005,20.5,32.2
47007,26.1,34.5
47009,13.1,19.3
47011,18.1,23.8
47013,26.2,39.4
47015,16.4,23.4
47017,21.1,31.1
47019,23.6,33.1
47021,10.6,16.3
47023,19.0,26.5
47025,21.6,33.1
47027,23.7,34.8
47029,26.4,40.1
47031,15.9,24.2
47033,19.1,25.8
47035,16.7,27.5
47037,17.1,26.5
47039,19.4,28.7
47041,20.2,30.9
47043,16.4,23.3
47045,22.5,31.3
47047,13.8,21.5
47049,25.7,36.3
47051,15.0,21.7
47053,15.7,23.4
47055,16.1,24.3
47057,18.7,27.9
47059,18.0,25.2
47061,26.1,36.6
47063,19.0,26.3
47065,15.2,21.7
47067,30.1,44.3
47069,24.2,31.1
47071,22.7,31.9
47073,21.2,30.6
47075,22.5,33.1
47077,17.5,25.0
47079,19.1,30.8
47081,20.4,29.3
47083,19.5,29.9
47085,15.9,25.2
47087,23.6,34.2
47089,16.8,25.6
47091,27.2,34.9
47093,15.6,19.8
47095,43.1,47.9
47097,26.2,35.1
47099,18.9,28.7
47101,17.9,29.7
47103,16.0,25.3
47105,13.5,22.0
47107,23.0,31.6
47109,18.9,27.6
47111,18.5,30.0
47113,18.1,28.8
47115,19.0,28.5
47117,13.8,20.5
47119,13.2,19.4
47121,20.2,30.2
47123,18.6,28.9
47125,13.4,18.4
47127,11.8,18.8
47129,21.2,29.4
47131,19.5,27.3
47133,17.5,26.2
47135,22.3,33.6
47137,18.9,29.3
47139,18.4,28.3
47141,19.7,23.8
47143,23.3,32.8
47145,17.6,25.2
47147,12.3,18.4
47149,11.1,13.5
47151,25.5,34.2
47153,18.7,28.6
47155,14.6,23.5
47157,20.2,31.4
47159,18.1,25.2
47161,15.5,25.2
47163,16.4,24.6
47165,10.1,13.9
47167,14.4,21.0
47169,16.2,24.7
47171,19.2,27.5
47173,23.9,33.9
47175,18.9,30.9
47177,21.2,30.1
47179,17.2,22.1
47181,25.4,32.5
47183,18.2,24.6
47185,18.2,28.4
47187,5.0,5.3
47189,8.4,11.7
48001,21.0,26.9
48003,10.4,13.4
48005,17.9,27.6
48007,18.2,32.9
48009,9.5,12.8
48011,10.4,14.3
48013,20.4,29.9
48015,12.7,18.9
48017,15.8,26.0
48019,13.3,23.8
48021,12.7,21.7
48023,17.4,28.4
48025,23.4,29.0
48027,15.9,23.0
48029,15.6,22.2
48031,10.9,18.2
48033,10.2,14.5
48035,15.0,24.6
48037,18.6,26.2
48039,10.6,13.5
48041,24.0,19.7
48043,14.8,21.9
48045,16.6,30.4
48047,31.7,46.5
48049,18.2,25.7
48051,15.5,24.7
48053,13.2,22.3
48055,17.8,25.2
48057,16.8,26.2
48059,13.0,21.0
48061,32.0,45.9
48063,18.8,30.6
48065,8.5,11.2
48067,20.0,29.4
48069,18.8,28.8
48071,9.6,12.0
48073,19.0,27.6
48075,22.3,27.5
48077,12.3,18.9
48079,22.5,34.7
48081,13.5,21.3
48083,20.0,33.6
48085,6.6,8.2
48087,19.0,32.1
48089,14.5,23.6
48091,8.3,12.7
48093,16.8,27.2
48095,26.4,25.5
48097,13.2,20.5
48099,16.0,24.0
48101,21.4,36.1
48103,9.6,12.8
48105,12.9,18.6
48107,22.8,34.8
48109,23.9,37.2
48111,12.0,17.7
48113,17.9,26.5
48115,21.9,29.5
48117,19.4,28.1
48119,18.5,28.4
48121,8.0,9.0
48123,19.2,27.2
48125,22.2,29.2
48127,24.4,34.5
48129,20.2,32.8
48131,25.4,37.4
48133,18.1,27.9
48135,12.6,17.4
48137,22.2,39.6
48139,10.9,15.6
48141,20.3,29.4
48143,17.7,21.1
48145,23.9,32.7
48147,16.4,23.0
48149,12.0,17.9
48151,15.2,22.6
48153,21.8,36.4
48155,17.8,28.2
48157,7.0,9.7
48159,16.4,27.0
48161,15.8,21.9
48163,29.3,35.8
48165,13.3,20.1
48167,14.0,19.1
48169,26.8,27.3
48171,10.4,18.0
48173,7.8,10.5
48175,14.1,21.2
48177,16.4,25.6
48179,13.0,17.8
48181,15.2,22.6
48183,17.0,23.4
48185,17.8,25.3
48187,10.3,14.5
48189,20.3,29.4
48191,25.5,39.8
48193,15.4,25.8
48195,11.7,16.9
48197,18.0,29.7
48199,11.8,16.3
48201,16.6,25.3
48203,18.5,26.9
48205,9.9,10.1
48207,22.3,30.6
48209,13.6,14.1
48211,8.6,13.1
48213,16.2,26.8
48215,31.1,42.9
48217,17.8,29.2
48219,15.9,22.6
48221,9.8,18.0
48223,15.9,24.4
48225,27.0,35.7
48227,19.1,23.1
48229,25.0,38.4
48231,16.5,23.1
48233,14.2,19.8
48235,7.9,11.2
48237,17.1,21.0
48239,13.6,19.0
48241,15.7,24.8
48243,13.3,35.9
48245,16.9,23.6
48247,23.2,33.9
48249,22.1,30.9
48251,11.4,17.2
48253,21.4,25.1
48255,20.0,25.7
48257,13.1,15.8
48259,8.0,11.7
48261,16.5,26.5
48263,11.3,18.1
48265,14.3,26.7
48267,20.0,37.0
48269,11.0,16.2
48271,20.6,26.5
48273,24.3,33.0
48275,19.2,31.7
48277,18.8,28.9
48279,21.8,31.6
48281,13.9,22.7
48283,27.9,33.3
48285,12.2,17.4
48287,12.4,18.2
48289,13.8,21.4
48291,15.8,22.4
48293,19.1,28.9
48295,9.7,11.2
48297,15.8,21.7
48299,14.8,27.3
48301,14.3,28.6
48303,20.1,24.3
48305,20.5,31.1
48307,18.6,29.2
48309,19.9,26.9
48311,10.0,15.8
48313,19.2,26.1
48315,23.4,36.4
48317,11.4,16.2
48319,13.8,23.3
48321,20.5,30.9
48323,23.9,32.2
48325,14.8,21.4
48327,20.8,38.2
48329,8.9,13.1
48331,16.9,27.5
48333,16.6,26.1
48335,19.7,24.9
48337,15.2,22.1
48339,10.1,13.9
48341,14.4,20.3
48343,19.5,31.6
48345,17.0,28.6
48347,24.5,30.9
48349,19.6,27.9
48351,21.2,28.1
48353,20.0,30.6
48355,19.9,30.6
48357,8.8,13.3
48359,13.4,29.2
48361,16.1,22.6
48363,18.6,27.8
48365,15.1,20.9
48367,9.4,13.7
48369,14.5,21.1
48371,18.1,23.6
48373,17.2,28.8
48375,22.4,31.8
48377,22.4,32.3
48379,14.4,26.8
48381,8.5,12.0
48383,8.8,11.9
48385,19.4,34.6
48387,20.2,31.0
48389,19.3,24.2
48391,15.4,22.9
48393,6.7,8.7
48395,16.6,28.8
48397,6.0,8.2
48399,18.5,25.4
48401,16.6,22.3
48403,19.7,33.7
48405,24.3,37.3
48407,18.1,30.1
48409,15.5,23.3
48411,18.9,29.2
48413,13.4,21.9
48415,12.7,18.1
48417,13.1,19.4
48419,19.8,29.0
48421,12.8,18.7
48423,16.0,23.2
48425,12.1,17.7
48427,30.9,42.5
48429,18.2,27.7
48431,11.6,17.5
48433,14.5,21.2
48435,12.5,18.4
48437,21.6,34.0
48439,13.1,18.4
48441,14.8,21.7
48443,16.7,21.8
48445,22.5,32.2
48447,13.6,26.9
48449,20.1,28.8
48451,15.6,21.7
48453,13.2,17.8
48455,19.5,32.8
48457,19.9,25.1
48459,15.5,23.6
48461,13.5,18.2
48463,20.7,33.4
48465,22.1,31.8
48467,15.9,22.3
48469,13.6,20.7
48471,22.7,24.9
48473,16.0,21.9
48475,12.8,17.8
48477,14.5,20.0
48479,30.5,41.9
48481,17.2,24.9
48483,12.9,19.0
48485,18.9,26.3
48487,16.5,25.0
48489,35.4,43.0
48491,6.6,8.7
48493,9.4,13.2
48495,13.3,18.5
48497,12.1,17.4
48499,16.6,27.7
48501,11.1,14.8
48503,15.0,22.0
48505,30.9,45.2
48507,32.0,42.2
49001,11.2,14.8
49003,8.4,11.7
49005,16.0,16.0
49007,16.3,20.6
49009,8.0,12.2
49011,6.9,8.3
49013,11.0,12.0
49015,10.4,14.4
49017,11.2,18.0
49019,13.0,21.5
49021,18.3,22.4
49023,10.5,14.2
49025,11.3,17.0
49027,13.1,19.2
49029,4.8,5.3
49031,17.3,31.1
49033,9.1,11.1
49035,10.8,12.8
49037,28.5,31.9
49039,17.2,19.1
49041,14.0,18.8
49043,6.2,8.1
49045,7.2,9.3
49047,9.9,11.4
49049,12.5,11.6
49051,6.9,9.2
49053,13.2,18.5
49055,15.0,25.6
49057,12.4,15.6
50001,8.9,10.9
50003,11.8,17.8
50005,11.5,17.8
50007,10.4,10.2
50009,14.3,22.8
50011,8.1,13.0
50013,8.3,13.2
50015,10.2,13.7
50017,9.8,14.8
50019,13.3,20.0
50021,11.4,17.0
50023,9.3,11.1
50025,13.2,18.1
50027,9.1,12.6
51001,20.4,31.0
51003,9.5,9.6
51005,18.2,24.0
51007,11.1,17.0
51009,15.0,20.6
51011,14.2,20.9
51013,7.1,8.8
51015,9.3,12.9
51017,10.3,14.6
51019,9.1,12.8
51021,13.6,17.8
51023,7.4,9.3
51025,22.1,29.2
51027,28.8,33.6
51029,20.2,27.5
51031,11.7,16.3
51033,12.0,17.2
51035,15.0,24.3
51036,11.6,19.5
51037,19.2,28.4
51041,6.9,9.5
51043,8.4,10.4
51045,11.9,21.7
51047,10.2,14.9
51049,19.6,30.8
51051,25.0,33.0
51053,12.4,17.5
51057,15.5,26.7
51059,6.2,7.5
51061,6.8,8.3
51063,11.9,18.2
51065,7.8,10.4
51067,13.1,19.1
51069,7.7,10.7
51071,10.6,17.6
51073,9.3,14.7
51075,7.4,9.8
51077,20.1,29.4
51079,9.3,13.9
51081,27.9,28.7
51083,16.9,25.6
51085,6.2,7.1
51087,9.3,13.0
51089,19.6,30.5
51091,13.8,24.2
51093,9.9,13.1
51095,7.1,10.2
51097,14.0,20.5
51099,7.1,9.6
51101,7.9,12.2
51103,13.1,26.2
51105,25.9,36.3
51107,3.7,4.0
51109,10.6,16.7
51111,21.1,29.0
51113,10.4,18.2
51115,10.2,17.9
51117,20.4,27.5
51119,12.8,25.1
51121,20.8,15.2
51125,13.9,23.2
51127,6.7,10.2
51131,20.5,33.7
51133,13.7,29.0
51135,23.7,28.7
51137,10.4,15.2
51139,15.0,23.2
51141,17.0,25.5
51143,17.1,25.6
51145,6.4,8.5
51147,22.3,29.1
51149,9.9,12.3
51153,6.7,9.0
51155,15.0,22.1
51157,9.8,15.6
51159,17.7,23.0
51161,7.3,9.4
51163,12.8,18.6
51165,11.0,14.0
51167,21.2,28.2
51169,19.2,24.5
51171,11.5,17.7
51173,18.1,27.6
51175,15.2,20.9
51177,7.7,10.9
51179,5.4,7.1
51181,13.0,20.0
51183,22.1,29.0
51185,17.2,24.1
51187,10.8,15.1
51191,16.3,22.7
51193,14.1,28.9
51195,22.7,30.9
51197,14.4,21.3
51199,5.3,6.8
51510,9.1,14.5
51515,,
51520,19.3,33.4
51530,17.3,24.6
51540,20.7,22.6
51550,9.7,13.9
51570,10.6,16.7
51580,18.3,28.6
51590,23.5,39.4
51595,22.5,38.3
51600,7.3,7.8
51610,3.4,3.3
51620,19.4,35.2
51630,15.9,22.8
51640,24.2,36.5
51650,15.2,23.5
51660,30.9,23.7
51670,20.6,33.7
51678,22.9,13.4
51680,23.1,28.4
51683,9.6,15.4
51685,7.7,12.7
51690,23.7,37.1
51700,16.8,25.7
51710,21.5,29.6
51720,23.7,37.5
51730,28.4,43.0
51735,5.4,6.6
51740,18.6,30.5
51750,32.8,21.5
51760,24.4,36.3
51770,21.3,32.9
51775,10.2,13.8
51790,15.2,23.0
51800,13.1,18.0
51810,8.2,12.4
51820,16.0,26.2
51830,22.0,25.1
51840,17.8,25.6
53001,16.5,21.5
53003,15.7,24.4
53005,14.2,19.7
53007,12.7,18.3
53009,15.6,24.2
53011,10.6,14.5
53013,15.2,25.2
53015,15.7,22.8
53017,13.5,21.0
53019,20.4,30.5
53021,15.6,21.3
53023,15.2,22.4
53025,16.1,20.6
53027,16.0,24.9
53029,8.4,12.7
53031,11.9,23.3
53033,9.8,10.6
53035,9.9,11.8
53037,20.0,16.3
53039,17.2,23.6
53041,15.3,22.0
53043,14.0,18.6
53045,16.9,27.0
53047,20.5,28.2
53049,18.8,25.8
53051,19.6,31.0
53053,12.4,16.7
53055,11.5,18.5
53057,14.9,20.4
53059,14.5,20.5
53061,9.3,11.5
53063,15.5,19.6
53065,19.7,27.2
53067,12.2,15.0
53069,12.6,25.0
53071,16.5,20.9
53073,14.4,14.5
53075,20.8,14.4
53077,19.1,27.4
54001,20.1,28.2
54003,12.5,18.5
54005,23.4,30.6
54007,23.7,33.3
54009,14.9,20.3
54011,20.2,26.5
54013,20.0,30.0
54015,27.7,37.4
54017,18.1,25.8
54019,19.9,28.9
54021,25.8,26.3
54023,15.9,24.4
54025,19.0,27.1
54027,18.6,27.9
54029,13.7,21.5
54031,14.4,23.9
54033,16.0,21.9
54035,15.4,22.8
54037,10.6,13.8
54039,16.5,24.8
54041,20.6,27.5
54043,28.3,36.6
54045,22.4,29.9
54047,34.5,46.8
54049,16.0,22.1
54051,12.6,20.6
54053,22.3,30.2
54055,21.1,29.9
54057,15.4,21.5
54059,29.0,38.7
54061,19.6,15.5
54063,18.5,24.7
54065,14.1,22.0
54067,18.5,27.0
54069,14.0,19.5
54071,16.4,25.7
54073,15.4,19.8
54075,18.9,30.1
54077,17.0,23.2
54079,10.4,13.0
54081,19.9,27.9
54083,19.8,28.4
54085,18.5,25.6
54087,21.1,30.1
54089,26.4,35.9
54091,16.2,22.8
54093,17.1,24.1
54095,16.3,23.3
54097,17.3,26.1
54099,22.5,31.1
54101,29.6,41.0
54103,20.0,29.1
54105,17.9,27.0
54107,17.3,25.3
54109,22.5,31.6
55001,17.4,29.3
55003,17.2,25.1
55005,10.5,17.0
55007,11.1,20.7
55009,11.1,14.4
55011,10.2,13.5
55013,13.1,22.3
55015,6.2,7.6
55017,10.8,15.3
55019,13.9,21.0
55021,8.9,12.6
55023,14.5,20.6
55025,11.2,10.4
55027,8.7,11.7
55029,8.5,14.5
55031,14.8,20.1
55033,13.5,16.2
55035,13.6,15.7
55037,12.2,20.2
55039,9.4,12.3
55041,14.5,22.3
55043,14.0,16.7
55045,7.5,10.7
55047,12.2,19.9
55049,9.5,12.3
55051,13.0,20.5
55053,12.4,19.6
55055,9.2,12.4
55057,14.5,21.2
55059,12.7,18.9
55061,8.2,10.3
55063,14.4,12.4
55065,10.5,16.9
55067,14.4,22.8
55069,9.8,14.7
55071,10.7,15.1
55073,9.5,13.5
55075,12.7,18.6
55077,12.0,19.6
55078,35.2,50.9
55079,20.3,29.5
55081,12.8,19.6
55083,9.7,13.9
55085,9.5,16.2
55087,9.0,12.0
55089,5.2,5.2
55091,10.1,16.9
55093,9.8,9.2
55095,10.1,14.2
55097,12.2,12.1
55099,13.0,18.2
55101,12.4,18.4
55103,14.2,21.8
55105,13.9,20.1
55107,14.0,23.2
55109,5.7,6.9
55111,11.7,16.8
55113,15.5,27.8
55115,11.6,18.8
55117,9.0,11.8
55119,12.4,19.5
55121,9.4,13.5
55123,14.8,26.4
55125,13.4,22.8
55127,12.4,14.7
55129,13.5,22.7
55131,5.3,6.4
55133,4.7,5.1
55135,10.7,14.4
55137,11.8,20.2
55139,11.3,13.3
55141,11.3,16.1
56001,20.1,15.9
56003,12.1,13.9
56005,7.5,8.9
56007,11.4,13.7
56009,8.5,11.3
56011,7.7,10.7
56013,12.9,18.2
56015,15.1,19.3
56017,11.9,16.3
56019,8.2,10.6
56021,10.6,13.6
56023,8.8,10.6
56025,11.0,14.2
56027,13.3,19.0
56029,9.6,13.8
56031,11.7,17.4
56033,9.5,13.2
56035,6.1,7.1
56037,8.5,10.2
56039,6.6,7.6
56041,9.8,11.9
56043,11.2,15.7
56045,9.8,13.1
