county_fips,PCT_diabetes_adults_2008,PCT_diabetes_adults_2013,PCT_diabetes_adults_average,PCT_diabetes_adults_change
1001,11.4,13.0,12.2,1.6
1003,9.8,10.4,10.1,0.6
1005,13.6,18.4,16.0,4.8
1007,11.1,14.8,12.95,3.7
1009,11.4,14.1,12.75,2.7
1011,14.9,19.6,17.25,4.7
1013,15.1,17.7,16.4,2.6
1015,14.5,14.9,14.7,0.4
1017,16.1,16.4,16.25,0.3
1019,13.6,13.3,13.45,-0.3
1021,10.2,13.3,11.75,3.1
1023,14.7,18.1,16.4,3.4
1025,14.1,16.3,15.2,2.2
1027,13.2,14.6,13.9,1.4
1029,11.0,12.6,11.8,1.6
1031,12.1,15.9,14.0,3.8
1033,13.5,18.7,16.1,5.2
1035,14.5,17.4,15.95,2.9
1037,13.2,17.3,15.25,4.1
1039,13.1,14.7,13.9,1.6
1041,12.6,16.5,14.55,3.9
1043,11.9,14.4,13.15,2.5
1045,13.5,14.1,13.8,0.6
1047,15.6,19.0,17.3,3.4
1049,11.2,13.4,12.3,2.2
1051,9.9,13.4,11.65,3.5
1053,12.3,17.8,15.05,5.5
1055,11.6,16.8,14.2,5.2
1057,12.7,15.1,13.9,2.4
1059,12.8,13.9,13.35,1.1
1061,12.6,13.9,13.25,1.3
1063,18.2,21.0,19.6,2.8
1065,15.1,16.0,15.55,0.9
1067,13.5,18.7,16.1,5.2
1069,12.4,13.7,13.05,1.3
1071,11.9,14.9,13.4,3.0
1073,12.0,13.0,12.5,1.0
1075,12.7,14.9,13.8,2.2
1077,12.8,14.2,13.5,1.4
1079,12.9,15.6,14.25,2.7
1081,9.6,9.5,9.55,-0.1
1083,10.4,12.6,11.5,2.2
1085,17.1,23.5,20.3,6.4
1087,16.2,18.4,17.3,2.2
1089,13.0,11.5,12.25,-1.5
1091,15.9,20.2,18.05,4.3
1093,11.7,18.7,15.2,7.0
1095,11.5,12.8,12.15,1.3
1097,12.2,15.6,13.9,3.4
1099,13.5,17.8,15.65,4.3
1101,12.7,13.5,13.1,0.8
1103,11.0,12.6,11.8,1.6
1105,17.5,21.7,19.6,4.2
1107,14.9,16.4,15.65,1.5
1109,12.9,13.5,13.2,0.6
1111,12.9,14.9,13.9,2.0
1113,13.6,12.9,13.25,-0.7
1115,11.4,12.8,12.1,1.4
1117,8.0,8.7,8.35,0.7
1119,17.1,20.1,18.6,3.0
1121,13.6,15.3,14.45,1.7
1123,14.3,13.7,14.0,-0.6
1125,11.1,12.3,11.7,1.2
1127,13.3,16.7,15.0,3.4
1129,12.9,17.8,15.35,4.9
1131,17.1,19.3,18.2,2.2
1133,10.0,13.2,11.6,3.2
2013,5.5,7.6,6.55,2.1
2016,5.9,6.2,6.05,0.3
2020,7.0,7.0,7.0,0.0
2050,5.5,5.8,5.65,0.3
2060,6.8,8.5,7.65,1.7
2068,6.0,5.8,5.9,-0.2
2070,7.8,7.2,7.5,-0.6
2090,5.2,5.5,5.35,0.3
2100,6.6,7.9,7.25,1.3
2105,,7.3,,
2110,5.3,5.9,5.6,0.6
2122,6.3,7.2,6.75,0.9
2130,7.2,8.9,8.05,1.7
2150,6.2,6.6,6.4,0.4
2164,7.2,7.4,7.3,0.2
2170,5.8,8.2,7.0,2.4
2180,7.1,6.0,6.55,-1.1
2185,7.1,6.5,6.8,-0.6
2188,6.6,6.5,6.55,-0.1
2195,,7.1,,
2198,,7.3,,
2220,6.8,6.7,6.75,-0.1
2230,,6.4,,
2240,6.3,6.9,6.6,0.6
2261,6.2,7.4,6.8,1.2
2270,6.4,4.6,5.5,-1.8
2275,,8.9,,
2282,7.3,7.9,7.6,0.6
2290,6.9,8.3,7.6,1.4
4001,13.6,14.4,14.0,0.8
4003,8.4,10.3,9.35,1.9
4005,7.1,7.6,7.35,0.5
4007,10.9,11.2,11.05,0.3
4009,9.1,10.3,9.7,1.2
4011,8.2,10.7,9.45,2.5
4012,12.0,14.8,13.4,2.8
4013,7.4,9.0,8.2,1.6
4015,11.1,12.8,11.95,1.7
4017,12.9,13.1,13.0,0.2
4019,7.8,8.8,8.3,1.0
4021,8.4,12.3,10.35,3.9
4023,6.3,8.0,7.15,1.7
4025,8.0,10.5,9.25,2.5
4027,10.0,12.6,11.3,2.6
5001,12.6,12.9,12.75,0.3
5003,11.3,14.5,12.9,3.2
5005,11.8,16.0,13.9,4.2
5007,7.8,9.6,8.7,1.8
5009,10.1,12.4,11.25,2.3
5011,12.2,13.1,12.65,0.9
5013,12.6,13.7,13.15,1.1
5015,10.9,13.0,11.95,2.1
5017,14.7,15.2,14.95,0.5
5019,10.1,11.6,10.85,1.5
5021,12.0,11.1,11.55,-0.9
5023,11.9,13.5,12.7,1.6
5025,11.8,13.0,12.4,1.2
5027,12.0,12.9,12.45,0.9
5029,10.4,13.7,12.05,3.3
5031,10.1,13.1,11.6,3.0
5033,8.2,11.4,9.8,3.2
5035,13.8,15.8,14.8,2.0
5037,12.3,13.6,12.95,1.3
5039,13.6,14.4,14.0,0.8
5041,13.3,15.1,14.2,1.8
5043,10.6,13.6,12.1,3.0
5045,9.3,11.2,10.25,1.9
5047,10.9,13.8,12.35,2.9
5049,11.4,15.6,13.5,4.2
5051,10.2,14.5,12.35,4.3
5053,9.4,11.1,10.25,1.7
5055,9.6,12.9,11.25,3.3
5057,13.0,13.5,13.25,0.5
5059,10.7,12.2,11.45,1.5
5061,11.8,13.4,12.6,1.6
5063,10.1,13.1,11.6,3.0
5065,9.8,15.5,12.65,5.7
5067,11.4,12.9,12.15,1.5
5069,12.5,15.4,13.95,2.9
5071,9.9,12.5,11.2,2.6
5073,13.5,15.3,14.4,1.8
5075,11.2,13.2,12.2,2.0
5077,12.7,13.1,12.9,0.4
5079,10.4,12.3,11.35,1.9
5081,11.9,12.9,12.4,1.0
5083,9.6,13.8,11.7,4.2
5085,10.9,13.1,12.0,2.2
5087,9.8,11.8,10.8,2.0
5089,11.8,12.2,12.0,0.4
5091,13.8,12.3,13.05,-1.5
5093,12.6,15.9,14.25,3.3
5095,13.3,17.2,15.25,3.9
5097,10.9,14.3,12.6,3.4
5099,13.2,13.9,13.55,0.7
5101,12.7,12.8,12.75,0.1
5103,13.4,14.8,14.1,1.4
5105,10.0,12.2,11.1,2.2
5107,13.8,16.7,15.25,2.9
5109,11.0,12.4,11.7,1.4
5111,11.9,13.8,12.85,1.9
5113,10.7,13.9,12.3,3.2
5115,9.6,11.2,10.4,1.6
5117,11.1,14.3,12.7,3.2
5119,10.0,12.0,11.0,2.0
5121,11.4,12.7,12.05,1.3
5123,12.9,16.4,14.65,3.5
5125,9.6,11.8,10.7,2.2
5127,10.9,11.4,11.15,0.5
5129,12.5,13.4,12.95,0.9
5131,10.1,12.9,11.5,2.8
5133,12.1,12.2,12.15,0.1
5135,11.2,15.2,13.2,4.0
5137,11.0,12.7,11.85,1.7
5139,11.1,13.5,12.3,2.4
5141,11.1,12.9,12.0,1.8
5143,7.8,9.1,8.45,1.3
5145,8.8,10.1,9.45,1.3
5147,12.2,14.7,13.45,2.5
5149,11.7,12.9,12.3,1.2
6001,7.6,8.5,8.05,0.9
6003,8.4,10.3,9.35,1.9
6005,9.3,10.2,9.75,0.9
6007,8.3,10.2,9.25,1.9
6009,7.3,10.0,8.65,2.7
6011,7.6,9.6,8.6,2.0
6013,7.0,9.4,8.2,2.4
6015,8.1,8.4,8.25,0.3
6017,7.1,7.5,7.3,0.4
6019,8.5,9.4,8.95,0.9
6021,7.7,8.4,8.05,0.7
6023,9.4,8.8,9.1,-0.6
6025,6.7,8.3,7.5,1.6
6027,8.0,9.4,8.7,1.4
6029,7.0,9.3,8.15,2.3
6031,5.7,7.5,6.6,1.8
6033,9.2,10.1,9.65,0.9
6035,6.5,7.6,7.05,1.1
6037,7.8,9.1,8.45,1.3
6039,7.8,7.9,7.85,0.1
6041,6.4,7.9,7.15,1.5
6043,8.3,10.7,9.5,2.4
6045,7.0,8.4,7.7,1.4
6047,7.5,9.2,8.35,1.7
6049,8.2,10.4,9.3,2.2
6051,7.0,7.4,7.2,0.4
6053,7.8,7.6,7.7,-0.2
6055,7.3,8.4,7.85,1.1
6057,6.9,7.7,7.3,0.8
6059,7.0,8.0,7.5,1.0
6061,7.1,9.0,8.05,1.9
6063,8.0,9.8,8.9,1.8
6065,8.1,9.0,8.55,0.9
6067,8.4,8.4,8.4,0.0
6069,7.2,7.6,7.4,0.4
6071,7.7,9.2,8.45,1.5
6073,7.1,7.7,7.4,0.6
6075,7.9,7.9,7.9,0.0
6077,7.9,10.3,9.1,2.4
6079,6.4,8.5,7.45,2.1
6081,6.8,8.3,7.55,1.5
6083,7.5,7.1,7.3,-0.4
6085,7.4,8.4,7.9,1.0
6087,6.2,7.0,6.6,0.8
6089,7.1,9.4,8.25,2.3
6091,8.8,9.6,9.2,0.8
6093,8.0,8.6,8.3,0.6
6095,9.9,9.8,9.85,-0.1
6097,6.6,7.9,7.25,1.3
6099,8.1,9.7,8.9,1.6
6101,7.9,8.6,8.25,0.7
6103,8.7,11.2,9.95,2.5
6105,9.6,10.1,9.85,0.5
6107,7.6,8.0,7.8,0.4
6109,6.8,10.1,8.45,3.3
6111,7.1,7.6,7.35,0.5
6113,6.7,6.9,6.8,0.2
6115,6.2,7.6,6.9,1.4
8001,6.5,7.2,6.85,0.7
8003,5.6,6.7,6.15,1.1
8005,5.9,6.3,6.1,0.4
8007,5.4,5.9,5.65,0.5
8009,8.2,7.6,7.9,-0.6
8011,5.6,7.0,6.3,1.4
8013,3.5,4.1,3.8,0.6
8014,4.5,5.5,5.0,1.0
8015,5.0,6.4,5.7,1.4
8017,6.1,6.5,6.3,0.4
8019,5.4,7.9,6.65,2.5
8021,6.2,6.0,6.1,-0.2
8023,7.3,8.3,7.8,1.0
8025,4.7,6.0,5.35,1.3
8027,6.4,6.8,6.6,0.4
8029,6.7,7.6,7.15,0.9
8031,5.4,6.0,5.7,0.6
8033,5.7,7.5,6.6,1.8
8035,3.4,5.3,4.35,1.9
8037,3.0,3.3,3.15,0.3
8039,4.7,5.2,4.95,0.5
8041,5.5,7.0,6.25,1.5
8043,7.0,8.1,7.55,1.1
8045,4.6,4.7,4.65,0.1
8047,4.9,6.3,5.6,1.4
8049,4.7,5.6,5.15,0.9
8051,3.6,4.6,4.1,1.0
8053,6.4,6.6,6.5,0.2
8055,6.5,7.6,7.05,1.1
8057,6.7,6.6,6.65,-0.1
8059,5.4,5.4,5.4,0.0
8061,7.3,7.7,7.5,0.4
8063,6.3,7.3,6.8,1.0
8065,4.5,5.4,4.95,0.9
8067,4.0,4.8,4.4,0.8
8069,4.6,5.2,4.9,0.6
8071,6.3,7.7,7.0,1.4
8073,6.2,7.6,6.9,1.4
8075,5.9,7.0,6.45,1.1
8077,5.6,7.2,6.4,1.6
8079,6.2,6.8,6.5,0.6
8081,5.7,6.3,6.0,0.6
8083,6.8,6.5,6.65,-0.3
8085,5.4,8.1,6.75,2.7
8087,7.5,7.4,7.45,-0.1
8089,7.1,6.8,6.95,-0.3
8091,6.4,6.7,6.55,0.3
8093,4.9,6.7,5.8,1.8
8095,7.6,7.8,7.7,0.2
8097,4.3,5.1,4.7,0.8
8099,5.7,8.4,7.05,2.7
8101,6.8,9.1,7.95,2.3
8103,5.2,6.0,5.6,0.8
8105,6.1,6.9,6.5,0.8
8107,3.4,4.1,3.75,0.7
8109,5.4,7.0,6.2,1.6
8111,4.9,6.7,5.8,1.8
8113,4.2,5.0,4.6,0.8
8115,7.0,8.0,7.5,1.0
8117,3.5,4.1,3.8,0.6
8119,5.3,6.9,6.1,1.6
8121,7.3,6.5,6.9,-0.8
8123,5.5,6.4,5.95,0.9
8125,6.4,6.1,6.25,-0.3
9001,6.8,7.6,7.2,0.8
9003,7.9,9.6,8.75,1.7
9005,7.5,6.7,7.1,-0.8
9007,7.4,8.4,7.9,1.0
9009,8.5,9.0,8.75,0.5
9011,7.8,9.2,8.5,1.4
9013,6.4,7.2,6.8,0.8
9015,9.1,10.1,9.6,1.0
10001,11.4,12.8,12.1,1.4
10003,7.9,9.0,8.45,1.1
10005,11.2,13.2,12.2,2.0
11001,8.3,8.1,8.2,-0.2
12001,8.2,8.3,8.25,0.1
12003,12.2,13.0,12.6,0.8
12005,10.7,11.2,10.95,0.5
12007,11.3,14.4,12.85,3.1
12009,11.1,11.7,11.4,0.6
12011,9.3,9.5,9.4,0.2
12013,11.6,15.5,13.55,3.9
12015,11.5,14.1,12.8,2.6
12017,12.4,14.6,13.5,2.2
12019,10.6,12.0,11.3,1.4
12021,8.8,8.6,8.7,-0.2
12023,10.1,12.7,11.4,2.6
12027,9.9,13.7,11.8,3.8
12029,11.4,14.0,12.7,2.6
12031,10.4,11.2,10.8,0.8
12033,11.0,12.4,11.7,1.4
12035,10.5,12.4,11.45,1.9
12037,10.2,11.0,10.6,0.8
12039,11.9,17.1,14.5,5.2
12041,9.5,8.4,8.95,-1.1
12043,11.8,13.8,12.8,2.0
12045,9.7,11.1,10.4,1.4
12047,11.0,13.0,12.0,2.0
12049,12.0,12.6,12.3,0.6
12051,8.6,13.7,11.15,5.1
12053,10.8,13.4,12.1,2.6
12055,12.8,14.2,13.5,1.4
12057,8.3,10.4,9.35,2.1
12059,12.3,14.2,13.25,1.9
12061,10.0,11.4,10.7,1.4
12063,11.5,12.4,11.95,0.9
12065,11.2,11.7,11.45,0.5
12067,10.0,13.2,11.6,3.2
12069,11.5,14.7,13.1,3.2
12071,10.8,9.9,10.35,-0.9
12073,8.4,8.3,8.35,-0.1
12075,11.2,14.1,12.65,2.9
12077,10.3,13.4,11.85,3.1
12079,12.0,15.6,13.8,3.6
12081,9.0,10.6,9.8,1.6
12083,12.0,12.6,12.3,0.6
12085,9.0,11.3,10.15,2.3
12086,9.1,7.9,8.5,-1.2
12087,8.6,8.6,8.6,0.0
12089,10.3,10.8,10.55,0.5
12091,9.5,9.7,9.6,0.2
12093,10.8,11.6,11.2,0.8
12095,9.5,8.8,9.15,-0.7
12097,9.1,12.0,10.55,2.9
12099,9.5,10.5,10.0,1.0
12101,10.1,12.2,11.15,2.1
12103,9.4,10.8,10.1,1.4
12105,10.8,14.3,12.55,3.5
12107,12.8,12.2,12.5,-0.6
12109,8.5,9.0,8.75,0.5
12111,9.4,11.5,10.45,2.1
12113,9.1,9.0,9.05,-0.1
12115,9.9,11.1,10.5,1.2
12117,8.9,10.0,9.45,1.1
12119,9.2,14.9,12.05,5.7
12121,11.0,13.5,12.25,2.5
12123,10.2,15.4,12.8,5.2
12125,11.5,12.5,12.0,1.0
12127,9.6,12.4,11.0,2.8
12129,9.1,11.7,10.4,2.6
12131,10.4,11.6,11.0,1.2
12133,10.7,12.9,11.8,2.2
13001,10.8,12.9,11.85,2.1
13003,10.5,11.5,11.0,1.0
13005,10.5,10.4,10.45,-0.1
13007,13.0,14.8,13.9,1.8
13009,11.4,14.0,12.7,2.6
13011,10.1,11.1,10.6,1.0
13013,9.6,11.3,10.45,1.7
13015,9.7,12.1,10.9,2.4
13017,12.4,12.4,12.4,0.0
13019,12.5,14.2,13.35,1.7
13021,13.2,12.7,12.95,-0.5
13023,12.3,13.6,12.95,1.3
13025,10.4,10.9,10.65,0.5
13027,13.3,14.5,13.9,1.2
13029,9.6,12.3,10.95,2.7
13031,9.6,12.0,10.8,2.4
13033,12.7,14.7,13.7,2.0
13035,11.5,11.7,11.6,0.2
13037,13.2,14.4,13.8,1.2
13039,10.7,10.9,10.8,0.2
13043,11.8,13.7,12.75,1.9
13045,11.9,11.3,11.6,-0.6
13047,11.1,12.2,11.65,1.1
13049,11.1,11.6,11.35,0.5
13051,11.8,11.0,11.4,-0.8
13053,6.8,6.4,6.6,-0.4
13055,11.1,11.0,11.05,-0.1
13057,7.2,8.7,7.95,1.5
13059,8.2,8.3,8.25,0.1
13061,15.9,17.2,16.55,1.3
13063,11.9,11.6,11.75,-0.3
13065,11.6,12.9,12.25,1.3
13067,8.9,8.5,8.7,-0.4
13069,11.9,11.5,11.7,-0.4
13071,11.2,12.8,12.0,1.6
13073,9.7,10.4,10.05,0.7
13075,12.3,12.2,12.25,-0.1
13077,10.3,10.6,10.45,0.3
13079,11.6,13.1,12.35,1.5
13081,12.0,14.2,13.1,2.2
13083,11.1,12.2,11.65,1.1
13085,9.9,10.5,10.2,0.6
13087,12.2,12.1,12.15,-0.1
13089,10.1,10.0,10.05,-0.1
13091,12.9,13.5,13.2,0.6
13093,13.4,14.8,14.1,1.4
13095,14.2,12.4,13.3,-1.8
13097,10.3,12.0,11.15,1.7
13099,13.9,15.6,14.75,1.7
13101,9.0,10.9,9.95,1.9
13103,9.7,13.5,11.6,3.8
13105,12.7,13.0,12.85,0.3
13107,12.5,11.6,12.05,-0.9
13109,12.0,13.4,12.7,1.4
13111,10.8,12.2,11.5,1.4
13113,12.6,12.9,12.75,0.3
13115,10.5,13.6,12.05,3.1
13117,8.2,10.8,9.5,2.6
13119,10.6,12.4,11.5,1.8
13121,8.7,8.7,8.7,0.0
13123,10.2,12.4,11.3,2.2
13125,11.5,11.8,11.65,0.3
13127,11.1,11.5,11.3,0.4
13129,9.0,10.2,9.6,1.2
13131,12.3,12.1,12.2,-0.2
13133,13.9,15.4,14.65,1.5
13135,8.6,8.3,8.45,-0.3
13137,10.0,11.4,10.7,1.4
13139,9.9,10.9,10.4,1.0
13141,14.2,15.8,15.0,1.6
13143,10.8,11.2,11.0,0.4
13145,11.4,13.2,12.3,1.8
13147,11.5,13.5,12.5,2.0
13149,10.7,12.0,11.35,1.3
13151,9.7,13.5,11.6,3.8
13153,11.9,13.2,12.55,1.3
13155,11.6,12.4,12.0,0.8
13157,10.6,11.2,10.9,0.6
13159,11.5,12.6,12.05,1.1
13161,12.0,12.8,12.4,0.8
13163,14.4,16.7,15.55,2.3
13165,13.6,12.1,12.85,-1.5
13167,12.2,12.7,12.45,0.5
13169,11.8,12.4,12.1,0.6
13171,12.1,11.7,11.9,-0.4
13173,10.6,11.4,11.0,0.8
13175,12.3,14.4,13.35,2.1
13177,9.7,10.7,10.2,1.0
13179,10.8,10.4,10.6,-0.4
13181,13.1,14.1,13.6,1.0
13183,10.0,9.8,9.9,-0.2
13185,11.1,11.6,11.35,0.5
13187,8.8,10.8,9.8,2.0
13189,12.3,17.4,14.85,5.1
13191,13.5,15.2,14.35,1.7
13193,14.2,13.5,13.85,-0.7
13195,11.4,13.3,12.35,1.9
13197,12.0,14.0,13.0,2.0
13199,13.4,14.8,14.1,1.4
13201,13.1,13.3,13.2,0.2
13205,11.9,14.4,13.15,2.5
13207,11.3,14.5,12.9,3.2
13209,10.5,13.4,11.95,2.9
13211,12.2,11.6,11.9,-0.6
13213,10.6,12.7,11.65,2.1
13215,12.8,13.4,13.1,0.6
13217,10.6,10.4,10.5,-0.2
13219,9.7,9.3,9.5,-0.4
13221,10.6,13.0,11.8,2.4
13223,10.2,11.0,10.6,0.8
13225,11.9,13.6,12.75,1.7
13227,9.4,14.2,11.8,4.8
13229,12.0,11.3,11.65,-0.7
13231,10.2,11.7,10.95,1.5
13233,11.5,10.4,10.95,-1.1
13235,12.7,13.6,13.15,0.9
13237,13.2,12.8,13.0,-0.4
13239,13.7,16.9,15.3,3.2
13241,11.9,13.0,12.45,1.1
13243,14.8,16.7,15.75,1.9
13245,12.3,13.5,12.9,1.2
13247,11.2,13.1,12.15,1.9
13249,11.3,12.6,11.95,1.3
13251,13.6,13.6,13.6,0.0
13253,13.5,14.2,13.85,0.7
13255,11.8,12.9,12.35,1.1
13257,12.9,12.6,12.75,-0.3
13259,16.8,13.7,15.25,-3.1
13261,13.2,13.8,13.5,0.6
13263,14.9,16.3,15.6,1.4
13265,16.2,16.2,16.2,0.0
13267,11.6,10.2,10.9,-1.4
13269,14.0,14.5,14.25,0.5
13271,11.6,12.3,11.95,0.7
13273,13.9,14.9,14.4,1.0
13275,13.2,14.0,13.6,0.8
13277,12.0,13.2,12.6,1.2
13279,12.7,13.6,13.15,0.9
13281,12.3,12.9,12.6,0.6
13283,11.9,12.3,12.1,0.4
13285,12.5,12.6,12.55,0.1
13287,13.4,14.3,13.85,0.9
13289,13.3,14.5,13.9,1.2
13291,13.5,15.9,14.7,2.4
13293,12.5,11.9,12.2,-0.6
13295,12.2,12.4,12.3,0.2
13297,10.4,11.6,11.0,1.2
13299,12.4,12.3,12.35,-0.1
13301,14.7,15.8,15.25,1.1
13303,13.3,13.0,13.15,-0.3
13305,10.5,13.1,11.8,2.6
13307,13.4,14.6,14.0,1.2
13309,11.2,12.1,11.65,0.9
13311,10.3,12.6,11.45,2.3
13313,10.5,13.2,11.85,2.7
13315,12.0,11.4,11.7,-0.6
13317,14.8,15.5,15.15,0.7
13319,13.1,14.8,13.95,1.7
13321,11.8,13.9,12.85,2.1
15001,7.2,8.1,7.65,0.9
15003,8.4,8.4,8.4,0.0
15005,11.5,11.3,11.4,-0.2
15007,8.3,8.3,8.3,0.0
15009,7.6,7.7,7.65,0.1
16001,7.1,7.5,7.3,0.4
16003,8.8,11.6,10.2,2.8
16005,8.6,10.0,9.3,1.4
16007,8.3,8.9,8.6,0.6
16009,8.5,9.4,8.95,0.9
16011,10.8,9.9,10.35,-0.9
16013,5.3,6.6,5.95,1.3
16015,8.8,9.6,9.2,0.8
16017,7.8,7.6,7.7,-0.2
16019,8.5,8.5,8.5,0.0
16021,8.1,11.0,9.55,2.9
16023,9.9,9.5,9.7,-0.4
16025,8.1,9.4,8.75,1.3
16027,8.3,9.5,8.9,1.2
16029,8.4,10.5,9.45,2.1
16031,9.9,9.0,9.45,-0.9
16033,8.6,8.5,8.55,-0.1
16035,10.1,11.1,10.6,1.0
16037,8.6,9.4,9.0,0.8
16039,8.3,8.6,8.45,0.3
16041,7.8,7.9,7.85,0.1
16043,7.8,9.0,8.4,1.2
16045,8.5,9.9,9.2,1.4
16047,8.6,9.8,9.2,1.2
16049,10.1,9.5,9.8,-0.6
16051,7.9,8.8,8.35,0.9
16053,8.9,7.7,8.3,-1.2
16055,8.0,9.6,8.8,1.6
16057,6.7,6.4,6.55,-0.3
16059,8.2,12.1,10.15,3.9
16061,9.8,10.5,10.15,0.7
16063,8.1,8.3,8.2,0.2
16065,6.0,5.5,5.75,-0.5
16067,11.3,10.8,11.05,-0.5
16069,11.2,11.0,11.1,-0.2
16071,9.2,12.2,10.7,3.0
16073,7.7,9.5,8.6,1.8
16075,8.5,9.2,8.85,0.7
16077,8.2,8.2,8.2,0.0
16079,8.8,10.2,9.5,1.4
16081,6.6,6.0,6.3,-0.6
16083,9.5,8.7,9.1,-0.8
16085,8.6,8.4,8.5,-0.2
16087,10.1,11.2,10.65,1.1
17001,9.0,10.1,9.55,1.1
17003,11.0,11.4,11.2,0.4
17005,8.8,10.0,9.4,1.2
17007,7.2,9.4,8.3,2.2
17009,7.9,8.2,8.05,0.3
17011,9.0,11.3,10.15,2.3
17013,9.6,11.4,10.5,1.8
17015,9.6,12.2,10.9,2.6
17017,8.6,10.6,9.6,2.0
17019,7.4,7.4,7.4,0.0
17021,8.9,10.5,9.7,1.6
17023,9.0,11.5,10.25,2.5
17025,8.9,10.8,9.85,1.9
17027,8.5,8.7,8.6,0.2
17029,7.4,8.9,8.15,1.5
17031,8.7,8.5,8.6,-0.2
17033,8.7,10.6,9.65,1.9
17035,9.0,11.1,10.05,2.1
17037,6.9,8.3,7.6,1.4
17039,8.6,10.8,9.7,2.2
17041,8.7,10.8,9.75,2.1
17043,7.5,8.1,7.8,0.6
17045,9.5,10.1,9.8,0.6
17047,9.1,10.5,9.8,1.4
17049,8.6,10.7,9.65,2.1
17051,8.3,10.3,9.3,2.0
17053,9.3,10.6,9.95,1.3
17055,9.5,11.6,10.55,2.1
17057,8.9,11.6,10.25,2.7
17059,9.5,10.8,10.15,1.3
17061,9.2,11.5,10.35,2.3
17063,7.5,8.6,8.05,1.1
17065,9.5,11.1,10.3,1.6
17067,9.2,11.2,10.2,2.0
17069,9.1,13.0,11.05,3.9
17071,9.5,11.8,10.65,2.3
17073,8.8,11.1,9.95,2.3
17075,9.3,12.4,10.85,3.1
17077,7.3,9.0,8.15,1.7
17079,9.0,10.2,9.6,1.2
17081,9.0,11.1,10.05,2.1
17083,8.3,10.4,9.35,2.1
17085,9.2,13.0,11.1,3.8
17087,8.2,10.5,9.35,2.3
17089,7.1,7.7,7.4,0.6
17091,9.0,9.1,9.05,0.1
17093,6.0,8.3,7.15,2.3
17095,9.2,9.8,9.5,0.6
17097,7.6,8.4,8.0,0.8
17099,9.1,10.4,9.75,1.3
17101,8.7,11.7,10.2,3.0
17103,8.7,10.1,9.4,1.4
17105,9.1,9.5,9.3,0.4
17107,8.3,9.8,9.05,1.5
17109,7.5,9.3,8.4,1.8
17111,6.9,10.1,8.5,3.2
17113,7.3,7.0,7.15,-0.3
17115,9.4,10.0,9.7,0.6
17117,9.0,10.5,9.75,1.5
17119,9.4,10.0,9.7,0.6
17121,9.0,10.5,9.75,1.5
17123,9.0,11.2,10.1,2.2
17125,9.2,11.1,10.15,1.9
17127,9.5,11.2,10.35,1.7
17129,8.3,10.2,9.25,1.9
17131,8.9,11.4,10.15,2.5
17133,7.9,11.4,9.65,3.5
17135,9.1,10.8,9.95,1.7
17137,8.8,11.3,10.05,2.5
17139,9.1,10.2,9.65,1.1
17141,8.3,10.4,9.35,2.1
17143,9.7,9.6,9.65,-0.1
17145,8.7,10.6,9.65,1.9
17147,8.9,10.7,9.8,1.8
17149,9.1,12.0,10.55,2.9
17151,9.6,10.9,10.25,1.3
17153,11.0,12.1,11.55,1.1
17155,9.2,10.5,9.85,1.3
17157,8.2,10.1,9.15,1.9
17159,9.9,11.0,10.45,1.1
17161,9.0,10.8,9.9,1.8
17163,9.4,12.7,11.05,3.3
17165,9.8,12.0,10.9,2.2
17167,9.6,10.7,10.15,1.1
17169,9.1,10.6,9.85,1.5
17171,9.4,9.9,9.65,0.5
17173,9.1,10.1,9.6,1.0
17175,9.5,12.2,10.85,2.7
17177,9.2,12.5,10.85,3.3
17179,8.6,9.6,9.1,1.0
17181,8.9,11.9,10.4,3.0
17183,9.7,12.7,11.2,3.0
17185,8.9,12.6,10.75,3.7
17187,9.2,10.5,9.85,1.3
17189,8.9,10.5,9.7,1.6
17191,8.8,10.3,9.55,1.5
17193,9.5,10.6,10.05,1.1
17195,8.9,10.5,9.7,1.6
17197,7.9,8.5,8.2,0.6
17199,8.7,10.5,9.6,1.8
17201,9.2,11.7,10.45,2.5
17203,8.4,9.6,9.0,1.2
18001,9.7,13.9,11.8,4.2
18003,10.0,10.3,10.15,0.3
18005,10.2,10.5,10.35,0.3
18007,10.8,12.1,11.45,1.3
18009,11.3,13.7,12.5,2.4
18011,10.0,10.4,10.2,0.4
18013,10.6,12.6,11.6,2.0
18015,10.9,13.4,12.15,2.5
18017,10.2,9.8,10.0,-0.4
18019,9.8,12.4,11.1,2.6
18021,9.4,11.9,10.65,2.5
18023,11.8,12.5,12.15,0.7
18025,10.3,13.0,11.65,2.7
18027,10.1,12.9,11.5,2.8
18029,9.5,13.1,11.3,3.6
18031,9.6,14.7,12.15,5.1
18033,9.5,10.0,9.75,0.5
18035,10.4,12.5,11.45,2.1
18037,9.5,10.3,9.9,0.8
18039,9.7,10.2,9.95,0.5
18041,10.4,12.2,11.3,1.8
18043,10.1,10.2,10.15,0.1
18045,10.3,13.9,12.1,3.6
18047,10.4,11.0,10.7,0.6
18049,10.7,11.4,11.05,0.7
18051,9.9,13.4,11.65,3.5
18053,10.8,14.8,12.8,4.0
18055,10.6,13.3,11.95,2.7
18057,7.9,8.6,8.25,0.7
18059,9.6,12.4,11.0,2.8
18061,10.3,12.8,11.55,2.5
18063,8.7,10.0,9.35,1.3
18065,10.5,13.4,11.95,2.9
18067,11.3,13.1,12.2,1.8
18069,10.9,12.7,11.8,1.8
18071,9.9,12.4,11.15,2.5
18073,9.5,11.3,10.4,1.8
18075,10.4,15.0,12.7,4.6
18077,9.8,12.5,11.15,2.7
18079,9.3,12.3,10.8,3.0
18081,8.9,10.7,9.8,1.8
18083,9.9,11.0,10.45,1.1
18085,10.0,10.4,10.2,0.4
18087,9.5,11.2,10.35,1.7
18089,11.3,12.2,11.75,0.9
18091,10.9,10.8,10.85,-0.1
18093,11.1,15.1,13.1,4.0
18095,11.2,12.2,11.7,1.0
18097,10.0,10.5,10.25,0.5
18099,9.5,11.1,10.3,1.6
18101,10.6,15.6,13.1,5.0
18103,10.0,11.6,10.8,1.6
18105,7.8,7.7,7.75,-0.1
18107,10.2,11.8,11.0,1.6
18109,9.7,14.0,11.85,4.3
18111,10.2,11.6,10.9,1.4
18113,9.1,11.8,10.45,2.7
18115,10.0,12.4,11.2,2.4
18117,11.0,11.6,11.3,0.6
18119,10.2,14.1,12.15,3.9
18121,10.2,12.5,11.35,2.3
18123,9.5,12.6,11.05,3.1
18125,10.7,12.6,11.65,1.9
18127,9.8,9.4,9.6,-0.4
18129,10.4,12.7,11.55,2.3
18131,10.3,12.2,11.25,1.9
18133,9.3,10.0,9.65,0.7
18135,11.1,14.2,12.65,3.1
18137,10.0,13.7,11.85,3.7
18139,10.3,14.0,12.15,3.7
18141,9.6,9.9,9.75,0.3
18143,10.0,12.7,11.35,2.7
18145,10.2,11.4,10.8,1.2
18147,10.4,10.8,10.6,0.4
18149,11.1,13.6,12.35,2.5
18151,10.5,10.4,10.45,-0.1
18153,9.5,13.0,11.25,3.5
18155,10.2,13.4,11.8,3.2
18157,7.9,6.9,7.4,-1.0
18159,10.6,10.8,10.7,0.2
18161,10.4,12.8,11.6,2.4
18163,9.7,11.9,10.8,2.2
18165,10.9,14.3,12.6,3.4
18167,9.7,11.5,10.6,1.8
18169,10.8,13.9,12.35,3.1
18171,10.7,12.2,11.45,1.5
18173,9.6,10.9,10.25,1.3
18175,9.9,10.9,10.4,1.0
18177,9.9,11.5,10.7,1.6
18179,10.2,11.8,11.0,1.6
18181,10.8,14.5,12.65,3.7
18183,9.3,10.6,9.95,1.3
19001,9.3,11.6,10.45,2.3
19003,9.0,10.1,9.55,1.1
19005,8.8,9.1,8.95,0.3
19007,8.7,11.6,10.15,2.9
19009,9.1,11.7,10.4,2.6
19011,7.4,10.0,8.7,2.6
19013,7.9,9.5,8.7,1.6
19015,8.0,9.1,8.55,1.1
19017,7.9,9.4,8.65,1.5
19019,8.0,9.5,8.75,1.5
19021,8.4,10.1,9.25,1.7
19023,8.5,10.0,9.25,1.5
19025,9.4,10.7,10.05,1.3
19027,8.5,8.9,8.7,0.4
19029,9.0,10.7,9.85,1.7
19031,7.8,10.6,9.2,2.8
19033,9.0,10.4,9.7,1.4
19035,9.3,11.3,10.3,2.0
19037,8.4,10.4,9.4,2.0
19039,8.2,10.2,9.2,2.0
19041,8.3,9.3,8.8,1.0
19043,8.5,9.2,8.85,0.7
19045,8.6,12.1,10.35,3.5
19047,8.3,11.7,10.0,3.4
19049,6.5,8.4,7.45,1.9
19051,7.9,10.6,9.25,2.7
19053,8.1,9.7,8.9,1.6
19055,7.9,10.6,9.25,2.7
19057,8.4,11.1,9.75,2.7
19059,8.9,9.6,9.25,0.7
19061,7.5,9.6,8.55,2.1
19063,8.6,10.7,9.65,2.1
19065,8.4,10.4,9.4,2.0
19067,9.0,12.1,10.55,3.1
19069,9.0,10.2,9.6,1.2
19071,8.7,9.5,9.1,0.8
19073,8.9,10.4,9.65,1.5
19075,8.6,11.0,9.8,2.4
19077,8.2,9.4,8.8,1.2
19079,8.2,10.3,9.25,2.1
19081,8.9,9.9,9.4,1.0
19083,8.8,10.5,9.65,1.7
19085,8.4,11.7,10.05,3.3
19087,8.0,11.5,9.75,3.5
19089,8.6,10.3,9.45,1.7
19091,8.7,9.7,9.2,1.0
19093,8.8,10.1,9.45,1.3
19095,8.7,8.7,8.7,0.0
19097,8.2,11.7,9.95,3.5
19099,8.6,9.7,9.15,1.1
19101,8.3,10.6,9.45,2.3
19103,5.6,5.4,5.5,-0.2
19105,7.9,10.2,9.05,2.3
19107,8.6,11.0,9.8,2.4
19109,8.8,11.0,9.9,2.2
19111,8.3,11.1,9.7,2.8
19113,8.0,10.3,9.15,2.3
19115,8.2,9.8,9.0,1.6
19117,8.1,11.6,9.85,3.5
19119,8.0,9.3,8.65,1.3
19121,8.0,10.0,9.0,2.0
19123,8.1,10.1,9.1,2.0
19125,8.2,9.8,9.0,1.6
19127,8.6,10.7,9.65,2.1
19129,7.6,10.9,9.25,3.3
19131,8.7,9.7,9.2,1.0
19133,9.1,11.8,10.45,2.7
19135,8.4,10.7,9.55,2.3
19137,9.3,10.5,9.9,1.2
19139,7.3,9.2,8.25,1.9
19141,9.1,9.6,9.35,0.5
19143,8.4,11.5,9.95,3.1
19145,9.0,12.0,10.5,3.0
19147,9.0,10.6,9.8,1.6
19149,8.1,9.8,8.95,1.7
19151,9.8,11.9,10.85,2.1
19153,8.1,8.6,8.35,0.5
19155,7.6,11.5,9.55,3.9
19157,8.5,10.5,9.5,2.0
19159,9.3,11.4,10.35,2.1
19161,9.5,10.4,9.95,0.9
19163,7.7,8.7,8.2,1.0
19165,8.9,11.0,9.95,2.1
19167,7.2,8.9,8.05,1.7
19169,5.9,6.7,6.3,0.8
19171,8.8,9.9,9.35,1.1
19173,8.7,10.2,9.45,1.5
19175,8.5,11.8,10.15,3.3
19177,8.4,9.9,9.15,1.5
19179,9.1,12.8,10.95,3.7
19181,7.3,10.4,8.85,3.1
19183,7.9,9.4,8.65,1.5
19185,9.0,11.6,10.3,2.6
19187,8.7,10.0,9.35,1.3
19189,8.5,9.7,9.1,1.2
19191,8.0,7.9,7.95,-0.1
19193,9.0,10.1,9.55,1.1
19195,8.4,11.9,10.15,3.5
19197,9.1,10.7,9.9,1.6
20001,9.9,10.9,10.4,1.0
20003,9.4,9.8,9.6,0.4
20005,8.9,8.7,8.8,-0.2
20007,10.0,9.1,9.55,-0.9
20009,10.5,9.5,10.0,-1.0
20011,8.7,13.0,10.85,4.3
20013,10.2,11.7,10.95,1.5
20015,9.3,9.9,9.6,0.6
20017,9.4,11.9,10.65,2.5
20019,10.7,12.6,11.65,1.9
20021,9.9,12.2,11.05,2.3
20023,10.6,13.7,12.15,3.1
20025,10.7,11.8,11.25,1.1
20027,9.5,14.1,11.8,4.6
20029,11.1,12.6,11.85,1.5
20031,9.2,9.9,9.55,0.7
20033,10.6,11.1,10.85,0.5
20035,8.9,11.2,10.05,2.3
20037,9.0,11.5,10.25,2.5
20039,11.2,12.5,11.85,1.3
20041,9.6,11.0,10.3,1.4
20043,9.9,9.7,9.8,-0.2
20045,6.2,6.5,6.35,0.3
20047,9.7,10.6,10.15,0.9
20049,10.9,12.4,11.65,1.5
20051,7.7,8.9,8.3,1.2
20053,9.6,11.7,10.65,2.1
20055,7.9,9.5,8.7,1.6
20057,8.0,8.7,8.35,0.7
20059,8.9,8.9,8.9,0.0
20061,8.7,7.9,8.3,-0.8
20063,11.7,11.9,11.8,0.2
20065,11.3,11.1,11.2,-0.2
20067,8.7,7.8,8.25,-0.9
20069,8.9,9.3,9.1,0.4
20071,10.2,10.7,10.45,0.5
20073,10.0,12.8,11.4,2.8
20075,9.2,8.9,9.05,-0.3
20077,10.4,11.0,10.7,0.6
20079,8.8,10.3,9.55,1.5
20081,8.4,9.8,9.1,1.4
20083,10.1,13.7,11.9,3.6
20085,9.4,10.4,9.9,1.0
20087,9.8,10.0,9.9,0.2
20089,11.2,13.0,12.1,1.8
20091,6.5,7.5,7.0,1.0
20093,9.2,9.8,9.5,0.6
20095,10.5,13.5,12.0,3.0
20097,11.6,10.3,10.95,-1.3
20099,9.7,11.3,10.5,1.6
20101,10.2,11.8,11.0,1.6
20103,9.1,10.3,9.7,1.2
20105,10.0,10.4,10.2,0.4
20107,9.3,12.0,10.65,2.7
20109,10.7,13.5,12.1,2.8
20111,8.5,10.4,9.45,1.9
20113,9.5,9.5,9.5,0.0
20115,10.2,9.4,9.8,-0.8
20117,9.8,9.5,9.65,-0.3
20119,9.4,9.5,9.45,0.1
20121,8.5,11.0,9.75,2.5
20123,10.1,12.4,11.25,2.3
20125,10.2,14.3,12.25,4.1
20127,10.8,12.3,11.55,1.5
20129,9.5,11.1,10.3,1.6
20131,10.0,8.9,9.45,-1.1
20133,10.0,12.2,11.1,2.2
20135,11.1,10.8,10.95,-0.3
20137,9.0,10.7,9.85,1.7
20139,9.0,11.5,10.25,2.5
20141,11.0,12.1,11.55,1.1
20143,9.4,12.1,10.75,2.7
20145,9.7,12.8,11.25,3.1
20147,10.8,11.2,11.0,0.4
20149,8.3,10.5,9.4,2.2
20151,9.5,11.7,10.6,2.2
20153,11.0,12.3,11.65,1.3
20155,10.1,11.9,11.0,1.8
20157,11.1,10.8,10.95,-0.3
20159,9.3,11.3,10.3,2.0
20161,6.4,5.6,6.0,-0.8
20163,9.9,10.5,10.2,0.6
20165,10.7,11.2,10.95,0.5
20167,10.6,11.6,11.1,1.0
20169,8.7,11.3,10.0,2.6
20171,9.7,9.7,9.7,0.0
20173,9.3,10.8,10.05,1.5
20175,7.5,8.3,7.9,0.8
20177,9.5,10.7,10.1,1.2
20179,10.6,11.8,11.2,1.2
20181,10.2,9.4,9.8,-0.8
20183,11.1,10.6,10.85,-0.5
20185,10.6,11.9,11.25,1.3
20187,9.7,11.1,10.4,1.4
20189,9.4,10.0,9.7,0.6
20191,9.6,11.1,10.35,1.5
20193,9.1,8.7,8.9,-0.4
20195,10.4,11.1,10.75,0.7
20197,8.9,9.7,9.3,0.8
20199,10.8,11.7,11.25,0.9
20201,10.5,12.7,11.6,2.2
20203,10.0,10.8,10.4,0.8
20205,10.2,13.6,11.9,3.4
20207,10.6,11.7,11.15,1.1
20209,10.9,11.9,11.4,1.0
21001,12.9,15.1,14.0,2.2
21003,11.2,13.7,12.45,2.5
21005,10.4,12.2,11.3,1.8
21007,11.9,13.2,12.55,1.3
21009,12.3,13.4,12.85,1.1
21011,12.5,14.1,13.3,1.6
21013,13.9,14.6,14.25,0.7
21015,8.6,11.9,10.25,3.3
21017,12.9,13.8,13.35,0.9
21019,14.3,15.7,15.0,1.4
21021,11.6,11.2,11.4,-0.4
21023,12.0,14.6,13.3,2.6
21025,15.7,15.7,15.7,0.0
21027,11.1,14.8,12.95,3.7
21029,10.0,13.2,11.6,3.2
21031,11.8,14.1,12.95,2.3
21033,12.4,12.6,12.5,0.2
21035,10.4,10.3,10.35,-0.1
21037,9.9,10.9,10.4,1.0
21039,12.3,13.1,12.7,0.8
21041,11.3,12.5,11.9,1.2
21043,10.4,14.3,12.35,3.9
21045,14.1,14.4,14.25,0.3
21047,11.5,10.8,11.15,-0.7
21049,11.1,12.4,11.75,1.3
21051,11.8,14.1,12.95,2.3
21053,12.4,12.7,12.55,0.3
21055,10.7,13.9,12.3,3.2
21057,13.0,13.6,13.3,0.6
21059,11.8,11.3,11.55,-0.5
21061,12.9,16.1,14.5,3.2
21063,12.1,13.2,12.65,1.1
21065,12.4,14.6,13.5,2.2
21067,9.7,9.0,9.35,-0.7
21069,10.5,13.5,12.0,3.0
21071,13.5,13.4,13.45,-0.1
21073,10.9,13.4,12.15,2.5
21075,12.5,14.6,13.55,2.1
21077,11.0,12.6,11.8,1.6
21079,12.1,12.8,12.45,0.7
21081,9.5,12.7,11.1,3.2
21083,11.7,10.7,11.2,-1.0
21085,12.4,14.7,13.55,2.3
21087,12.0,13.3,12.65,1.3
21089,13.5,14.4,13.95,0.9
21091,10.8,13.9,12.35,3.1
21093,12.1,11.6,11.85,-0.5
21095,14.5,16.9,15.7,2.4
21097,11.8,13.1,12.45,1.3
21099,10.8,13.1,11.95,2.3
21101,12.4,14.0,13.2,1.6
21103,12.2,11.4,11.8,-0.8
21105,12.9,14.1,13.5,1.2
21107,11.0,13.3,12.15,2.3
21109,11.1,13.7,12.4,2.6
21111,11.9,11.9,11.9,0.0
21113,11.8,9.3,10.55,-2.5
21115,12.2,15.3,13.75,3.1
21117,9.9,10.8,10.35,0.9
21119,14.3,16.1,15.2,1.8
21121,12.2,16.2,14.2,4.0
21123,12.6,13.7,13.15,1.1
21125,13.9,14.2,14.05,0.3
21127,11.7,17.7,14.7,6.0
21129,12.4,16.0,14.2,3.6
21131,14.0,16.0,15.0,2.0
21133,15.2,17.5,16.35,2.3
21135,11.7,14.6,13.15,2.9
21137,11.5,12.3,11.9,0.8
21139,12.1,12.3,12.2,0.2
21141,11.6,11.8,11.7,0.2
21143,11.8,14.3,13.05,2.5
21145,11.6,11.5,11.55,-0.1
21147,12.9,15.6,14.25,2.7
21149,13.4,17.5,15.45,4.1
21151,9.4,10.5,9.95,1.1
21153,11.6,13.4,12.5,1.8
21155,11.2,11.1,11.15,-0.1
21157,10.5,11.1,10.8,0.6
21159,11.8,13.9,12.85,2.1
21161,12.1,13.0,12.55,0.9
21163,11.3,11.6,11.45,0.3
21165,13.6,12.3,12.95,-1.3
21167,13.0,12.2,12.6,-0.8
21169,11.5,15.7,13.6,4.2
21171,10.8,13.3,12.05,2.5
21173,12.1,13.3,12.7,1.2
21175,11.6,14.7,13.15,3.1
21177,12.2,12.4,12.3,0.2
21179,10.5,11.3,10.9,0.8
21181,12.2,12.5,12.35,0.3
21183,13.0,16.0,14.5,3.0
21185,9.6,10.3,9.95,0.7
21187,11.2,11.4,11.3,0.2
21189,12.2,13.1,12.65,0.9
21191,11.0,15.0,13.0,4.0
21193,12.9,14.5,13.7,1.6
21195,15.7,16.1,15.9,0.4
21197,14.4,13.4,13.9,-1.0
21199,11.2,13.4,12.3,2.2
21201,11.6,13.7,12.65,2.1
21203,10.3,13.2,11.75,2.9
21205,10.3,11.1,10.7,0.8
21207,12.3,12.2,12.25,-0.1
21209,9.9,10.6,10.25,0.7
21211,10.4,11.6,11.0,1.2
21213,12.5,11.6,12.05,-0.9
21215,10.2,12.3,11.25,2.1
21217,12.2,14.0,13.1,1.8
21219,11.1,12.2,11.65,1.1
21221,11.5,13.8,12.65,2.3
21223,11.1,12.8,11.95,1.7
21225,12.3,11.6,11.95,-0.7
21227,9.8,9.2,9.5,-0.6
21229,11.7,13.2,12.45,1.5
21231,12.2,14.2,13.2,2.0
21233,12.0,13.9,12.95,1.9
21235,13.2,13.5,13.35,0.3
21237,12.2,12.6,12.4,0.4
21239,10.6,12.4,11.5,1.8
22001,10.3,12.9,11.6,2.6
22003,12.5,11.2,11.85,-1.3
22005,9.0,11.0,10.0,2.0
22007,11.6,14.4,13.0,2.8
22009,11.8,14.2,13.0,2.4
22011,11.5,12.6,12.05,1.1
22013,13.5,14.0,13.75,0.5
22015,11.2,12.0,11.6,0.8
22017,12.7,12.0,12.35,-0.7
22019,12.0,11.6,11.8,-0.4
22021,11.1,12.1,11.6,1.0
22023,10.9,11.7,11.3,0.8
22025,12.9,11.0,11.95,-1.9
22027,12.6,12.0,12.3,-0.6
22029,12.1,14.5,13.3,2.4
22031,12.9,14.1,13.5,1.2
22033,10.8,11.6,11.2,0.8
22035,13.5,16.3,14.9,2.8
22037,12.5,17.2,14.85,4.7
22039,11.4,12.3,11.85,0.9
22041,12.1,13.5,12.8,1.4
22043,11.4,12.0,11.7,0.6
22045,12.6,12.9,12.75,0.3
22047,12.1,12.7,12.4,0.6
22049,10.9,13.6,12.25,2.7
22051,12.2,11.6,11.9,-0.6
22053,12.8,13.2,13.0,0.4
22055,8.8,10.1,9.45,1.3
22057,12.3,10.9,11.6,-1.4
22059,11.6,12.6,12.1,1.0
22061,10.8,10.2,10.5,-0.6
22063,9.6,12.4,11.0,2.8
22065,12.8,11.1,11.95,-1.7
22067,12.7,16.0,14.35,3.3
22069,11.9,13.0,12.45,1.1
22071,12.1,11.9,12.0,-0.2
22073,12.2,11.8,12.0,-0.4
22075,12.5,10.6,11.55,-1.9
22077,13.2,11.5,12.35,-1.7
22079,12.7,13.2,12.95,0.5
22081,12.7,13.0,12.85,0.3
22083,11.8,13.8,12.8,2.0
22085,12.9,14.8,13.85,1.9
22087,11.3,13.8,12.55,2.5
22089,10.3,11.3,10.8,1.0
22091,13.7,15.8,14.75,2.1
22093,12.4,14.6,13.5,2.2
22095,12.4,14.4,13.4,2.0
22097,14.0,13.9,13.95,-0.1
22099,11.9,10.7,11.3,-1.2
22101,12.6,15.0,13.8,2.4
22103,9.1,9.6,9.35,0.5
22105,11.2,11.9,11.55,0.7
22107,14.5,16.3,15.4,1.8
22109,12.4,11.7,12.05,-0.7
22111,13.2,15.6,14.4,2.4
22113,11.7,10.9,11.3,-0.8
22115,10.2,12.3,11.25,2.1
22117,13.8,15.0,14.4,1.2
22119,14.0,12.9,13.45,-1.1
22121,11.5,14.2,12.85,2.7
22123,13.0,15.5,14.25,2.5
22125,11.5,12.2,11.85,0.7
22127,11.2,12.5,11.85,1.3
23001,9.1,11.2,10.15,2.1
23003,12.1,13.3,12.7,1.2
23005,7.4,7.9,7.65,0.5
23007,7.9,9.4,8.65,1.5
23009,8.0,8.5,8.25,0.5
23011,9.2,10.8,10.0,1.6
23013,8.7,7.5,8.1,-1.2
23015,7.7,9.0,8.35,1.3
23017,8.7,10.9,9.8,2.2
23019,9.4,10.5,9.95,1.1
23021,9.5,12.3,10.9,2.8
23023,8.4,9.4,8.9,1.0
23025,11.0,11.5,11.25,0.5
23027,9.5,9.8,9.65,0.3
23029,10.7,11.4,11.05,0.7
23031,8.0,9.7,8.85,1.7
24001,13.6,12.8,13.2,-0.8
24003,8.5,9.3,8.9,0.8
24005,9.1,10.4,9.75,1.3
24009,8.9,9.1,9.0,0.2
24011,12.0,11.9,11.95,-0.1
24013,8.6,9.5,9.05,0.9
24015,9.2,11.2,10.2,2.0
24017,9.9,11.4,10.65,1.5
24019,12.1,15.5,13.8,3.4
24021,8.5,9.0,8.75,0.5
24023,11.7,12.2,11.95,0.5
24025,8.7,9.4,9.05,0.7
24027,7.5,7.5,7.5,0.0
24029,10.7,9.9,10.3,-0.8
24031,7.3,7.6,7.45,0.3
24033,10.9,11.8,11.35,0.9
24035,8.4,9.9,9.15,1.5
24037,9.7,11.0,10.35,1.3
24039,11.9,13.7,12.8,1.8
24041,9.6,11.4,10.5,1.8
24043,10.4,12.8,11.6,2.4
24045,10.2,12.3,11.25,2.1
24047,9.7,13.6,11.65,3.9
24510,12.2,12.3,12.25,0.1
25001,8.1,8.6,8.35,0.5
25003,8.9,9.7,9.3,0.8
25005,10.4,11.1,10.75,0.7
25007,8.9,8.0,8.45,-0.9
25009,8.7,10.3,9.5,1.6
25011,7.5,8.3,7.9,0.8
25013,9.8,11.1,10.45,1.3
25015,7.2,6.8,7.0,-0.4
25017,8.0,8.3,8.15,0.3
25019,7.4,8.1,7.75,0.7
25021,7.4,8.6,8.0,1.2
25023,7.9,10.7,9.3,2.8
25025,7.9,7.5,7.7,-0.4
25027,8.2,9.7,8.95,1.5
26001,11.6,14.0,12.8,2.4
26003,10.0,11.0,10.5,1.0
26005,8.7,10.3,9.5,1.6
26007,10.2,11.4,10.8,1.2
26009,10.3,12.9,11.6,2.6
26011,10.3,14.6,12.45,4.3
26013,10.9,11.0,10.95,0.1
26015,9.0,9.6,9.3,0.6
26017,10.1,11.3,10.7,1.2
26019,10.4,12.6,11.5,2.2
26021,10.4,12.5,11.45,2.1
26023,9.3,10.0,9.65,0.7
26025,10.2,12.5,11.35,2.3
26027,9.7,12.2,10.95,2.5
26029,10.1,10.0,10.05,-0.1
26031,10.7,12.1,11.4,1.4
26033,10.0,12.1,11.05,2.1
26035,9.9,11.9,10.9,2.0
26037,9.2,10.6,9.9,1.4
26039,9.9,11.1,10.5,1.2
26041,10.7,12.3,11.5,1.6
26043,10.1,12.7,11.4,2.6
26045,9.0,11.4,10.2,2.4
26047,9.3,9.2,9.25,-0.1
26049,11.3,12.2,11.75,0.9
26051,10.9,13.8,12.35,2.9
26053,10.3,11.4,10.85,1.1
26055,8.5,9.0,8.75,0.5
26057,9.5,9.9,9.7,0.4
26059,9.4,11.0,10.2,1.6
26061,9.3,9.7,9.5,0.4
26063,10.1,10.8,10.45,0.7
26065,8.4,9.2,8.8,0.8
26067,8.6,10.3,9.45,1.7
26069,10.7,12.9,11.8,2.2
26071,10.9,13.0,11.95,2.1
26073,7.6,8.5,8.05,0.9
26075,9.7,11.3,10.5,1.6
26077,9.6,7.8,8.7,-1.8
26079,9.9,13.0,11.45,3.1
26081,8.6,9.2,8.9,0.6
26083,11.1,12.6,11.85,1.5
26085,11.7,13.0,12.35,1.3
26087,9.1,10.7,9.9,1.6
26089,10.7,12.7,11.7,2.0
26091,9.4,11.2,10.3,1.8
26093,8.1,9.0,8.55,0.9
26095,10.2,12.0,11.1,1.8
26097,12.2,13.1,12.65,0.9
26099,9.4,9.9,9.65,0.5
26101,10.1,11.1,10.6,1.0
26103,9.0,10.1,9.55,1.1
26105,10.0,11.3,10.65,1.3
26107,8.9,10.2,9.55,1.3
26109,10.2,10.7,10.45,0.5
26111,9.5,9.5,9.5,0.0
26113,10.1,11.7,10.9,1.6
26115,10.1,11.1,10.6,1.0
26117,9.5,11.2,10.35,1.7
26119,11.6,12.5,12.05,0.9
26121,10.5,12.4,11.45,1.9
26123,10.4,10.6,10.5,0.2
26125,9.5,9.3,9.4,-0.2
26127,9.6,13.0,11.3,3.4
26129,10.4,13.6,12.0,3.2
26131,11.7,13.3,12.5,1.6
26133,9.6,11.4,10.5,1.8
26135,10.9,13.0,11.95,2.1
26137,9.1,11.0,10.05,1.9
26139,8.3,7.8,8.05,-0.5
26141,11.6,14.0,12.8,2.4
26143,11.2,14.4,12.8,3.2
26145,11.1,12.8,11.95,1.7
26147,8.7,11.2,9.95,2.5
26149,9.8,10.8,10.3,1.0
26151,10.0,10.2,10.1,0.2
26153,11.2,12.6,11.9,1.4
26155,9.4,11.3,10.35,1.9
26157,9.2,12.6,10.9,3.4
26159,9.7,11.8,10.75,2.1
26161,8.2,7.6,7.9,-0.6
26163,11.7,12.0,11.85,0.3
26165,9.3,11.2,10.25,1.9
27001,9.1,11.5,10.3,2.4
27003,7.3,8.0,7.65,0.7
27005,8.0,8.9,8.45,0.9
27007,7.3,9.3,8.3,2.0
27009,6.2,7.9,7.05,1.7
27011,8.9,9.4,9.15,0.5
27013,6.4,6.8,6.6,0.4
27015,8.0,8.9,8.45,0.9
27017,7.5,9.5,8.5,2.0
27019,6.0,6.8,6.4,0.8
27021,7.9,10.2,9.05,2.3
27023,7.9,9.3,8.6,1.4
27025,6.4,8.4,7.4,2.0
27027,6.8,6.4,6.6,-0.4
27029,8.1,10.0,9.05,1.9
27031,8.1,9.2,8.65,1.1
27033,8.2,10.2,9.2,2.0
27035,7.2,10.4,8.8,3.2
27037,6.5,6.9,6.7,0.4
27039,6.8,8.3,7.55,1.5
27041,7.7,7.6,7.65,-0.1
27043,8.5,8.8,8.65,0.3
27045,7.8,8.5,8.15,0.7
27047,7.9,8.0,7.95,0.1
27049,7.7,9.8,8.75,2.1
27051,8.3,9.2,8.75,0.9
27053,6.1,6.8,6.45,0.7
27055,7.6,9.3,8.45,1.7
27057,8.3,8.2,8.25,-0.1
27059,6.2,7.8,7.0,1.6
27061,7.9,8.9,8.4,1.0
27063,8.1,9.5,8.8,1.4
27065,7.4,10.2,8.8,2.8
27067,7.0,8.1,7.55,1.1
27069,8.7,9.7,9.2,1.0
27071,8.7,11.1,9.9,2.4
27073,8.5,10.1,9.3,1.6
27075,8.2,9.5,8.85,1.3
27077,8.5,9.4,8.95,0.9
27079,7.1,8.4,7.75,1.3
27081,8.7,9.3,9.0,0.6
27083,7.0,8.3,7.65,1.3
27085,7.0,9.2,8.1,2.2
27087,9.5,11.2,10.35,1.7
27089,8.0,9.7,8.85,1.7
27091,8.3,9.7,9.0,1.4
27093,7.9,10.6,9.25,2.7
27095,7.6,11.6,9.6,4.0
27097,7.2,8.2,7.7,1.0
27099,7.7,8.4,8.05,0.7
27101,8.3,11.3,9.8,3.0
27103,6.7,7.7,7.2,1.0
27105,7.9,7.8,7.85,-0.1
27107,8.5,9.1,8.8,0.6
27109,6.4,7.0,6.7,0.6
27111,8.0,10.3,9.15,2.3
27113,7.5,8.3,7.9,0.8
27115,7.6,10.6,9.1,3.0
27117,8.3,9.3,8.8,1.0
27119,8.0,9.6,8.8,1.6
27121,8.0,9.5,8.75,1.5
27123,7.7,8.2,7.95,0.5
27125,7.7,8.7,8.2,1.0
27127,8.2,9.1,8.65,0.9
27129,7.8,8.2,8.0,0.4
27131,6.5,7.3,6.9,0.8
27133,7.9,9.5,8.7,1.6
27135,6.9,9.3,8.1,2.4
27137,7.3,9.8,8.55,2.5
27139,5.5,5.7,5.6,0.2
27141,6.1,7.1,6.6,1.0
27143,7.3,8.9,8.1,1.6
27145,6.4,7.6,7.0,1.2
27147,6.7,8.0,7.35,1.3
27149,7.4,7.9,7.65,0.5
27151,7.8,8.6,8.2,0.8
27153,7.6,8.1,7.85,0.5
27155,9.4,11.3,10.35,1.9
27157,7.2,7.7,7.45,0.5
27159,8.1,10.0,9.05,1.9
27161,6.9,6.8,6.85,-0.1
27163,6.2,8.2,7.2,2.0
27165,8.2,7.9,8.05,-0.3
27167,7.6,9.3,8.45,1.7
27169,6.8,8.1,7.45,1.3
27171,5.7,8.3,7.0,2.6
27173,8.2,9.2,8.7,1.0
28001,14.7,13.9,14.3,-0.8
28003,12.1,14.3,13.2,2.2
28005,12.9,17.6,15.25,4.7
28007,13.5,15.4,14.45,1.9
28009,12.7,15.9,14.3,3.2
28011,13.4,16.5,14.95,3.1
28013,13.1,14.7,13.9,1.6
28015,12.9,16.8,14.85,3.9
28017,12.9,15.2,14.05,2.3
28019,13.3,15.8,14.55,2.5
28021,14.8,17.0,15.9,2.2
28023,12.1,14.9,13.5,2.8
28025,14.1,14.6,14.35,0.5
28027,15.9,16.8,16.35,0.9
28029,13.4,15.0,14.2,1.6
28031,13.6,16.3,14.95,2.7
28033,10.9,12.8,11.85,1.9
28035,11.5,11.1,11.3,-0.4
28037,12.6,16.1,14.35,3.5
28039,10.4,13.1,11.75,2.7
28041,10.8,13.0,11.9,2.2
28043,13.4,14.5,13.95,1.1
28045,12.4,13.6,13.0,1.2
28047,12.6,13.4,13.0,0.8
28049,11.7,12.4,12.05,0.7
28051,15.6,17.5,16.55,1.9
28053,15.7,17.3,16.5,1.6
28055,13.4,15.5,14.45,2.1
28057,13.1,12.8,12.95,-0.3
28059,12.6,14.3,13.45,1.7
28061,15.8,16.8,16.3,1.0
28063,15.3,16.9,16.1,1.6
28065,13.6,15.6,14.6,2.0
28067,13.2,14.6,13.9,1.4
28069,15.2,15.9,15.55,0.7
28071,10.1,10.4,10.25,0.3
28073,9.4,10.8,10.1,1.4
28075,13.2,13.3,13.25,0.1
28077,14.5,15.9,15.2,1.4
28079,12.6,13.5,13.05,0.9
28081,12.2,13.7,12.95,1.5
28083,14.0,16.1,15.05,2.1
28085,12.3,12.9,12.6,0.6
28087,14.4,13.6,14.0,-0.8
28089,10.6,10.2,10.4,-0.4
28091,12.6,13.6,13.1,1.0
28093,13.9,15.5,14.7,1.6
28095,12.8,14.2,13.5,1.4
28097,14.4,14.4,14.4,0.0
28099,13.4,13.4,13.4,0.0
28101,11.9,15.6,13.75,3.7
28103,14.1,17.7,15.9,3.6
28105,9.0,10.2,9.6,1.2
28107,13.7,14.5,14.1,0.8
28109,12.6,12.7,12.65,0.1
28111,11.9,11.8,11.85,-0.1
28113,15.2,15.6,15.4,0.4
28115,10.5,13.5,12.0,3.0
28117,12.4,16.3,14.35,3.9
28119,14.4,15.4,14.9,1.0
28121,10.8,11.1,10.95,0.3
28123,14.4,15.1,14.75,0.7
28125,14.8,17.1,15.95,2.3
28127,12.4,13.9,13.15,1.5
28129,12.3,14.4,13.35,2.1
28131,11.7,12.4,12.05,0.7
28133,14.2,15.2,14.7,1.0
28135,15.4,15.3,15.35,-0.1
28137,12.1,16.7,14.4,4.6
28139,13.4,12.8,13.1,-0.6
28141,11.6,15.0,13.3,3.4
28143,14.2,16.2,15.2,2.0
28145,10.8,11.3,11.05,0.5
28147,13.8,17.0,15.4,3.2
28149,13.0,15.0,14.0,2.0
28151,13.5,14.9,14.2,1.4
28153,11.9,15.5,13.7,3.6
28155,12.7,14.7,13.7,2.0
28157,14.7,18.1,16.4,3.4
28159,14.6,15.0,14.8,0.4
28161,13.7,18.2,15.95,4.5
28163,12.6,14.3,13.45,1.7
29001,8.0,9.0,8.5,1.0
29003,9.3,9.9,9.6,0.6
29005,10.7,12.2,11.45,1.5
29007,9.4,11.7,10.55,2.3
29009,9.3,11.0,10.15,1.7
29011,9.6,13.9,11.75,4.3
29013,9.5,11.3,10.4,1.8
29015,10.7,13.9,12.3,3.2
29017,9.3,10.9,10.1,1.6
29019,7.3,7.5,7.4,0.2
29021,10.1,11.6,10.85,1.5
29023,10.1,11.7,10.9,1.6
29025,9.7,13.2,11.45,3.5
29027,9.2,10.0,9.6,0.8
29029,9.9,10.6,10.25,0.7
29031,9.0,11.3,10.15,2.3
29033,10.0,11.2,10.6,1.2
29035,9.8,11.2,10.5,1.4
29037,8.7,10.8,9.75,2.1
29039,10.4,13.0,11.7,2.6
29041,11.5,11.5,11.5,0.0
29043,7.8,10.5,9.15,2.7
29045,9.4,11.1,10.25,1.7
29047,8.7,10.4,9.55,1.7
29049,9.5,10.9,10.2,1.4
29051,8.7,10.1,9.4,1.4
29053,8.9,11.0,9.95,2.1
29055,9.0,10.4,9.7,1.4
29057,10.3,13.3,11.8,3.0
29059,9.1,12.1,10.6,3.0
29061,9.4,10.5,9.95,1.1
29063,8.2,12.1,10.15,3.9
29065,9.6,13.6,11.6,4.0
29067,9.8,11.9,10.85,2.1
29069,10.6,11.4,11.0,0.8
29071,8.6,10.5,9.55,1.9
29073,10.0,12.4,11.2,2.4
29075,10.7,11.9,11.3,1.2
29077,8.4,8.8,8.6,0.4
29079,10.0,10.6,10.3,0.6
29081,10.3,12.8,11.55,2.5
29083,9.9,11.8,10.85,1.9
29085,11.1,13.1,12.1,2.0
29087,10.5,11.5,11.0,1.0
29089,9.5,10.0,9.75,0.5
29091,10.1,12.3,11.2,2.2
29093,9.8,11.3,10.55,1.5
29095,9.2,11.2,10.2,2.0
29097,8.4,10.8,9.6,2.4
29099,9.2,10.6,9.9,1.4
29101,8.2,9.8,9.0,1.6
29103,10.4,10.9,10.65,0.5
29105,8.8,11.7,10.25,2.9
29107,9.7,11.9,10.8,2.2
29109,9.3,10.0,9.65,0.7
29111,9.3,10.8,10.05,1.5
29113,8.4,11.5,9.95,3.1
29115,10.1,12.2,11.15,2.1
29117,10.3,10.0,10.15,-0.3
29119,8.8,10.3,9.55,1.5
29121,10.3,12.6,11.45,2.3
29123,9.5,11.2,10.35,1.7
29125,9.5,12.4,10.95,2.9
29127,9.4,12.5,10.95,3.1
29129,10.5,11.5,11.0,1.0
29131,9.1,11.7,10.4,2.6
29133,10.2,12.6,11.4,2.4
29135,9.2,9.6,9.4,0.4
29137,9.8,12.6,11.2,2.8
29139,10.0,11.8,10.9,1.8
29141,10.1,11.3,10.7,1.2
29143,10.1,12.2,11.15,2.1
29145,9.7,9.3,9.5,-0.4
29147,8.0,10.6,9.3,2.6
29149,10.3,10.3,10.3,0.0
29151,9.0,11.3,10.15,2.3
29153,10.1,15.1,12.6,5.0
29155,10.6,13.1,11.85,2.5
29157,9.2,10.9,10.05,1.7
29159,9.3,12.4,10.85,3.1
29161,8.7,11.4,10.05,2.7
29163,9.0,11.3,10.15,2.3
29165,8.5,11.3,9.9,2.8
29167,9.6,11.4,10.5,1.8
29169,8.2,8.5,8.35,0.3
29171,10.4,11.8,11.1,1.4
29173,9.3,13.0,11.15,3.7
29175,9.5,12.0,10.75,2.5
29177,10.1,11.5,10.8,1.4
29179,10.3,12.2,11.25,1.9
29181,9.9,11.2,10.55,1.3
29183,8.1,8.4,8.25,0.3
29185,10.6,12.4,11.5,1.8
29186,9.1,10.5,9.8,1.4
29187,9.2,12.2,10.7,3.0
29189,9.0,10.8,9.9,1.8
29195,9.5,11.0,10.25,1.5
29197,10.4,11.4,10.9,1.0
29199,9.0,10.0,9.5,1.0
29201,9.4,12.6,11.0,3.2
29203,9.7,12.2,10.95,2.5
29205,10.4,11.5,10.95,1.1
29207,9.7,13.6,11.65,3.9
29209,10.2,13.0,11.6,2.8
29211,9.8,11.4,10.6,1.6
29213,9.4,10.8,10.1,1.4
29215,9.7,13.0,11.35,3.3
29217,9.7,13.2,11.45,3.5
29219,9.0,11.8,10.4,2.8
29221,9.2,14.1,11.65,4.9
29223,11.0,13.6,12.3,2.6
29225,8.5,9.8,9.15,1.3
29227,10.7,12.5,11.6,1.8
29229,9.2,10.7,9.95,1.5
29510,11.2,13.5,12.35,2.3
30001,8.7,7.7,8.2,-1.0
30003,11.6,13.4,12.5,1.8
30005,10.6,11.9,11.25,1.3
30007,7.6,8.8,8.2,1.2
30009,7.4,9.0,8.2,1.6
30011,8.1,9.3,8.7,1.2
30013,8.1,9.1,8.6,1.0
30015,8.9,8.1,8.5,-0.8
30017,7.9,9.9,8.9,2.0
30019,8.6,9.0,8.8,0.4
30021,8.9,9.6,9.25,0.7
30023,7.6,9.9,8.75,2.3
30025,7.5,7.6,7.55,0.1
30027,8.4,9.2,8.8,0.8
30029,6.3,7.1,6.7,0.8
30031,3.6,4.3,3.95,0.7
30033,7.8,8.3,8.05,0.5
30035,11.2,13.5,12.35,2.3
30037,7.7,9.7,8.7,2.0
30039,7.8,9.1,8.45,1.3
30041,8.2,11.1,9.65,2.9
30043,7.5,8.6,8.05,1.1
30045,7.7,8.7,8.2,1.0
30047,8.4,10.8,9.6,2.4
30049,7.5,7.7,7.6,0.2
30051,8.4,8.9,8.65,0.5
30053,8.9,11.7,10.3,2.8
30055,7.9,9.4,8.65,1.5
30057,6.5,9.4,7.95,2.9
30059,8.0,8.9,8.45,0.9
30061,8.3,10.8,9.55,2.5
30063,5.0,5.2,5.1,0.2
30065,8.4,9.6,9.0,1.2
30067,7.0,7.6,7.3,0.6
30069,8.7,9.5,9.1,0.8
30071,8.4,9.8,9.1,1.4
30073,8.6,10.4,9.5,1.8
30075,8.2,7.5,7.85,-0.7
30077,7.5,10.1,8.8,2.6
30079,8.5,10.0,9.25,1.5
30081,6.3,8.9,7.6,2.6
30083,8.2,7.6,7.9,-0.6
30085,11.8,12.8,12.3,1.0
30087,9.5,11.7,10.6,2.2
30089,8.5,11.1,9.8,2.6
30091,8.5,10.3,9.4,1.8
30093,8.2,8.3,8.25,0.1
30095,6.5,7.8,7.15,1.3
30097,7.7,9.9,8.8,2.2
30099,7.3,8.8,8.05,1.5
30101,6.6,8.6,7.6,2.0
30103,7.7,9.9,8.8,2.2
30105,8.9,9.8,9.35,0.9
30107,7.6,9.8,8.7,2.2
30109,7.8,9.2,8.5,1.4
30111,8.1,8.4,8.25,0.3
31001,8.2,10.8,9.5,2.6
31003,8.9,10.6,9.75,1.7
31005,7.7,8.3,8.0,0.6
31007,9.4,13.1,11.25,3.7
31009,10.2,9.1,9.65,-1.1
31011,9.4,9.4,9.4,0.0
31013,8.6,11.8,10.2,3.2
31015,9.4,13.9,11.65,4.5
31017,9.9,10.3,10.1,0.4
31019,6.8,6.7,6.75,-0.1
31021,9.7,10.3,10.0,0.6
31023,8.2,9.0,8.6,0.8
31025,8.2,8.9,8.55,0.7
31027,8.4,8.8,8.6,0.4
31029,8.8,10.2,9.5,1.4
31031,8.8,8.3,8.55,-0.5
31033,7.8,7.6,7.7,-0.2
31035,9.4,9.5,9.45,0.1
31037,8.0,8.5,8.25,0.5
31039,8.3,8.8,8.55,0.5
31041,8.6,9.7,9.15,1.1
31043,8.6,9.2,8.9,0.6
31045,7.9,9.5,8.7,1.6
31047,8.6,9.4,9.0,0.8
31049,9.1,9.7,9.4,0.6
31051,8.8,10.2,9.5,1.4
31053,8.7,10.0,9.35,1.3
31055,7.9,8.8,8.35,0.9
31057,10.8,10.8,10.8,0.0
31059,9.1,10.1,9.6,1.0
31061,9.8,10.6,10.2,0.8
31063,8.9,9.7,9.3,0.8
31065,10.3,12.8,11.55,2.5
31067,8.7,10.9,9.8,2.2
31069,11.1,9.9,10.5,-1.2
31071,9.8,9.5,9.65,-0.3
31073,9.7,9.9,9.8,0.2
31075,9.4,10.4,9.9,1.0
31077,10.3,9.6,9.95,-0.7
31079,8.9,8.7,8.8,-0.2
31081,8.1,7.3,7.7,-0.8
31083,9.4,10.8,10.1,1.4
31085,9.2,9.9,9.55,0.7
31087,9.6,11.3,10.45,1.7
31089,9.8,8.9,9.35,-0.9
31091,10.2,10.5,10.35,0.3
31093,8.1,9.3,8.7,1.2
31095,9.8,12.1,10.95,2.3
31097,9.9,9.2,9.55,-0.7
31099,7.9,8.4,8.15,0.5
31101,8.8,9.1,8.95,0.3
31103,9.7,10.7,10.2,1.0
31105,10.1,10.5,10.3,0.4
31107,9.5,10.4,9.95,0.9
31109,7.2,7.6,7.4,0.4
31111,8.7,10.3,9.5,1.6
31113,9.6,9.3,9.45,-0.3
31115,8.5,11.1,9.8,2.6
31117,8.9,10.1,9.5,1.2
31119,8.1,9.4,8.75,1.3
31121,8.5,11.1,9.8,2.6
31123,9.8,9.2,9.5,-0.6
31125,9.1,11.4,10.25,2.3
31127,8.7,10.0,9.35,1.3
31129,9.9,9.4,9.65,-0.5
31131,9.5,11.5,10.5,2.0
31133,10.3,10.3,10.3,0.0
31135,9.4,8.6,9.0,-0.8
31137,8.7,10.0,9.35,1.3
31139,8.4,10.7,9.55,2.3
31141,8.1,9.4,8.75,1.3
31143,9.9,9.0,9.45,-0.9
31145,8.7,8.4,8.55,-0.3
31147,9.4,9.8,9.6,0.4
31149,10.3,11.3,10.8,1.0
31151,7.9,8.5,8.2,0.6
31153,6.8,8.4,7.6,1.6
31155,8.3,8.6,8.45,0.3
31157,10.1,10.5,10.3,0.4
31159,8.3,7.7,8.0,-0.6
31161,9.8,11.3,10.55,1.5
31163,9.3,10.7,10.0,1.4
31165,8.3,8.2,8.25,-0.1
31167,7.5,9.5,8.5,2.0
31169,10.0,10.2,10.1,0.2
31171,9.0,10.0,9.5,1.0
31173,10.1,16.8,13.45,6.7
31175,9.6,11.6,10.6,2.0
31177,7.9,8.0,7.95,0.1
31179,6.9,6.6,6.75,-0.3
31181,10.9,10.2,10.55,-0.7
31183,8.3,9.3,8.8,1.0
31185,9.0,8.4,8.7,-0.6
32001,8.3,9.5,8.9,1.2
32003,8.6,9.2,8.9,0.6
32005,7.0,8.0,7.5,1.0
32007,7.3,8.1,7.7,0.8
32009,11.2,10.6,10.9,-0.6
32011,7.8,8.6,8.2,0.8
32013,6.8,6.8,6.8,0.0
32015,8.0,7.8,7.9,-0.2
32017,11.3,9.5,10.4,-1.8
32019,7.3,9.3,8.3,2.0
32021,12.1,11.2,11.65,-0.9
32023,10.2,12.5,11.35,2.3
32027,7.0,7.8,7.4,0.8
32029,7.3,11.1,9.2,3.8
32031,6.7,7.1,6.9,0.4
32033,8.4,9.2,8.8,0.8
32510,7.6,8.2,7.9,0.6
33001,8.5,10.6,9.55,2.1
33003,8.5,10.1,9.3,1.6
33005,8.1,9.0,8.55,0.9
33007,9.6,12.3,10.95,2.7
33009,7.6,8.8,8.2,1.2
33011,7.7,9.1,8.4,1.4
33013,7.6,9.1,8.35,1.5
33015,7.4,9.1,8.25,1.7
33017,8.3,10.5,9.4,2.2
33019,8.1,10.2,9.15,2.1
34001,10.0,11.3,10.65,1.3
34003,8.8,8.0,8.4,-0.8
34005,9.0,9.5,9.25,0.5
34007,9.4,10.4,9.9,1.0
34009,9.7,11.0,10.35,1.3
34011,9.2,11.6,10.4,2.4
34013,9.8,10.7,10.25,0.9
34015,9.6,11.3,10.45,1.7
34017,8.1,7.4,7.75,-0.7
34019,6.9,7.0,6.95,0.1
34021,8.7,9.6,9.15,0.9
34023,8.3,9.8,9.05,1.5
34025,8.5,8.9,8.7,0.4
34027,7.1,7.9,7.5,0.8
34029,9.4,11.2,10.3,1.8
34031,9.0,8.3,8.65,-0.7
34033,9.4,11.7,10.55,2.3
34035,7.5,8.4,7.95,0.9
34037,7.8,8.6,8.2,0.8
34039,8.2,7.8,8.0,-0.4
34041,8.1,9.2,8.65,1.1
35001,5.7,7.4,6.55,1.7
35003,7.6,10.2,8.9,2.6
35005,7.9,9.2,8.55,1.3
35006,11.3,13.4,12.35,2.1
35007,7.0,9.2,8.1,2.2
35009,8.5,7.9,8.2,-0.6
35011,8.0,9.8,8.9,1.8
35013,6.1,7.4,6.75,1.3
35015,9.2,9.7,9.45,0.5
35017,7.3,9.7,8.5,2.4
35019,6.1,8.4,7.25,2.3
35021,7.9,10.3,9.1,2.4
35023,6.6,9.0,7.8,2.4
35025,7.7,8.0,7.85,0.3
35027,6.1,7.9,7.0,1.8
35028,5.6,7.0,6.3,1.4
35029,7.8,10.6,9.2,2.8
35031,12.0,13.6,12.8,1.6
35033,6.3,11.3,8.8,5.0
35035,7.6,9.5,8.55,1.9
35037,7.8,9.6,8.7,1.8
35039,6.4,8.8,7.6,2.4
35041,5.2,9.4,7.3,4.2
35043,6.3,8.0,7.15,1.7
35045,8.4,10.0,9.2,1.6
35047,6.6,8.8,7.7,2.2
35049,4.0,4.7,4.35,0.7
35051,7.9,10.1,9.0,2.2
35053,8.0,10.4,9.2,2.4
35055,6.1,7.7,6.9,1.6
35057,6.1,9.9,8.0,3.8
35059,6.6,9.5,8.05,2.9
35061,7.3,9.0,8.15,1.7
36001,7.5,9.8,8.65,2.3
36003,8.6,9.3,8.95,0.7
36005,9.5,12.3,10.9,2.8
36007,8.8,9.9,9.35,1.1
36009,9.3,9.3,9.3,0.0
36011,8.2,10.0,9.1,1.8
36013,8.8,9.9,9.35,1.1
36015,9.6,9.4,9.5,-0.2
36017,8.1,10.2,9.15,2.1
36019,7.8,9.9,8.85,2.1
36021,8.3,10.6,9.45,2.3
36023,7.7,8.3,8.0,0.6
36025,8.4,10.8,9.6,2.4
36027,8.3,9.6,8.95,1.3
36029,10.1,9.4,9.75,-0.7
36031,8.1,9.7,8.9,1.6
36033,8.4,9.6,9.0,1.2
36035,8.4,10.1,9.25,1.7
36037,9.2,9.3,9.25,0.1
36039,8.4,9.5,8.95,1.1
36041,10.3,11.0,10.65,0.7
36043,8.8,9.2,9.0,0.4
36045,7.5,9.4,8.45,1.9
36047,9.1,10.3,9.7,1.2
36049,8.5,9.9,9.2,1.4
36051,8.7,10.5,9.6,1.8
36053,7.6,9.6,8.6,2.0
36055,8.6,9.7,9.15,1.1
36057,8.8,9.4,9.1,0.6
36059,8.8,8.3,8.55,-0.5
36061,6.8,6.7,6.75,-0.1
36063,8.9,9.5,9.2,0.6
36065,8.8,10.0,9.4,1.2
36067,8.6,9.1,8.85,0.5
36069,8.4,7.6,8.0,-0.8
36071,8.7,9.7,9.2,1.0
36073,8.6,9.7,9.15,1.1
36075,9.1,10.7,9.9,1.6
36077,8.4,9.3,8.85,0.9
36079,7.7,7.6,7.65,-0.1
36081,9.2,11.2,10.2,2.0
36083,8.0,8.9,8.45,0.9
36085,8.9,9.5,9.2,0.6
36087,9.8,10.3,10.05,0.5
36089,8.6,10.6,9.6,2.0
36091,7.7,8.5,8.1,0.8
36093,8.7,9.9,9.3,1.2
36095,8.9,9.8,9.35,0.9
36097,8.2,10.7,9.45,2.5
36099,8.5,8.9,8.7,0.4
36101,9.9,11.2,10.55,1.3
36103,8.0,8.8,8.4,0.8
36105,9.3,10.5,9.9,1.2
36107,7.9,10.5,9.2,2.6
36109,6.1,7.5,6.8,1.4
36111,7.5,9.3,8.4,1.8
36113,8.9,9.8,9.35,0.9
36115,8.5,11.0,9.75,2.5
36117,8.8,10.3,9.55,1.5
36119,7.4,8.2,7.8,0.8
36121,8.0,8.1,8.05,0.1
36123,8.8,9.5,9.15,0.7
37001,10.3,10.9,10.6,0.6
37003,9.5,11.6,10.55,2.1
37005,10.4,12.8,11.6,2.4
37007,11.8,14.9,13.35,3.1
37009,8.5,11.5,10.0,3.0
37011,10.2,11.1,10.65,0.9
37013,11.5,13.4,12.45,1.9
37015,13.8,14.2,14.0,0.4
37017,12.1,14.5,13.3,2.4
37019,9.7,11.0,10.35,1.3
37021,8.7,9.5,9.1,0.8
37023,10.6,11.9,11.25,1.3
37025,10.1,9.9,10.0,-0.2
37027,9.9,14.2,12.05,4.3
37029,9.9,11.1,10.5,1.2
37031,10.8,10.3,10.55,-0.5
37033,13.4,13.2,13.3,-0.2
37035,8.7,13.5,11.1,4.8
37037,8.5,12.1,10.3,3.6
37039,11.9,13.0,12.45,1.1
37041,12.4,13.3,12.85,0.9
37043,10.3,13.1,11.7,2.8
37045,11.6,12.4,12.0,0.8
37047,12.1,16.0,14.05,3.9
37049,10.9,10.3,10.6,-0.6
37051,12.2,12.1,12.15,-0.1
37053,9.3,10.6,9.95,1.3
37055,9.1,9.8,9.45,0.7
37057,10.6,11.0,10.8,0.4
37059,9.2,10.9,10.05,1.7
37061,11.3,13.8,12.55,2.5
37063,9.3,8.7,9.0,-0.6
37065,12.8,16.4,14.6,3.6
37067,8.4,11.2,9.8,2.8
37069,9.3,14.0,11.65,4.7
37071,10.2,13.7,11.95,3.5
37073,11.8,12.9,12.35,1.1
37075,10.7,12.0,11.35,1.3
37077,10.9,12.1,11.5,1.2
37079,11.4,12.7,12.05,1.3
37081,10.0,10.3,10.15,0.3
37083,14.7,13.7,14.2,-1.0
37085,8.9,10.6,9.75,1.7
37087,10.8,12.3,11.55,1.5
37089,9.6,9.9,9.75,0.3
37091,13.3,14.4,13.85,1.1
37093,10.9,12.2,11.55,1.3
37095,12.3,12.0,12.15,-0.3
37097,8.7,10.4,9.55,1.7
37099,10.8,11.6,11.2,0.8
37101,8.9,13.9,11.4,5.0
37103,13.1,14.9,14.0,1.8
37105,11.9,13.5,12.7,1.6
37107,12.9,15.6,14.25,2.7
37109,11.4,11.4,11.4,0.0
37111,11.1,14.2,12.65,3.1
37113,10.4,11.7,11.05,1.3
37115,9.2,10.5,9.85,1.3
37117,13.6,15.9,14.75,2.3
37119,7.9,8.5,8.2,0.6
37121,12.0,12.8,12.4,0.8
37123,10.7,12.5,11.6,1.8
37125,9.3,10.6,9.95,1.3
37127,11.8,13.2,12.5,1.4
37129,10.3,8.4,9.35,-1.9
37131,14.9,16.2,15.55,1.3
37133,8.9,7.8,8.35,-1.1
37135,6.4,8.0,7.2,1.6
37137,11.9,15.1,13.5,3.2
37139,10.7,14.4,12.55,3.7
37141,11.5,12.1,11.8,0.6
37143,11.2,13.5,12.35,2.3
37145,11.3,12.6,11.95,1.3
37147,9.2,9.5,9.35,0.3
37149,9.6,13.1,11.35,3.5
37151,10.2,13.7,11.95,3.5
37153,11.3,11.2,11.25,-0.1
37155,12.9,15.7,14.3,2.8
37157,11.2,14.1,12.65,2.9
37159,11.8,12.8,12.3,1.0
37161,11.3,13.9,12.6,2.6
37163,10.8,13.7,12.25,2.9
37165,12.4,13.7,13.05,1.3
37167,10.4,12.1,11.25,1.7
37169,10.7,12.7,11.7,2.0
37171,11.5,13.2,12.35,1.7
37173,12.7,14.9,13.8,2.2
37175,9.8,11.3,10.55,1.5
37177,11.5,13.6,12.55,2.1
37179,7.6,9.5,8.55,1.9
37181,12.9,14.0,13.45,1.1
37183,7.8,8.2,8.0,0.4
37185,13.9,14.4,14.15,0.5
37187,13.8,14.7,14.25,0.9
37189,6.7,8.6,7.65,1.9
37191,11.1,13.1,12.1,2.0
37193,10.8,10.8,10.8,0.0
37195,12.0,12.4,12.2,0.4
37197,11.2,10.5,10.85,-0.7
37199,9.1,11.2,10.15,2.1
38001,10.1,10.5,10.3,0.4
38003,8.3,10.5,9.4,2.2
38005,11.3,11.7,11.5,0.4
38007,8.4,7.8,8.1,-0.6
38009,9.7,9.8,9.75,0.1
38011,9.2,9.1,9.15,-0.1
38013,10.4,8.9,9.65,-1.5
38015,6.7,7.5,7.1,0.8
38017,6.4,7.0,6.7,0.6
38019,10.3,11.2,10.75,0.9
38021,9.2,11.2,10.2,2.0
38023,9.7,10.1,9.9,0.4
38025,10.2,9.2,9.7,-1.0
38027,9.9,11.8,10.85,1.9
38029,10.0,11.3,10.65,1.3
38031,9.8,10.7,10.25,0.9
38033,9.4,8.8,9.1,-0.6
38035,7.0,7.3,7.15,0.3
38037,9.6,10.8,10.2,1.2
38039,9.5,10.2,9.85,0.7
38041,10.3,9.5,9.9,-0.8
38043,9.3,8.9,9.1,-0.4
38045,9.0,11.2,10.1,2.2
38047,10.2,11.2,10.7,1.0
38049,9.6,8.3,8.95,-1.3
38051,10.8,10.6,10.7,-0.2
38053,9.1,9.5,9.3,0.4
38055,9.1,10.4,9.75,1.3
38057,8.9,11.9,10.4,3.0
38059,7.7,7.9,7.8,0.2
38061,10.1,12.6,11.35,2.5
38063,10.0,12.2,11.1,2.2
38065,9.3,10.9,10.1,1.6
38067,9.2,12.1,10.65,2.9
38069,9.4,10.4,9.9,1.0
38071,8.3,10.2,9.25,1.9
38073,8.9,10.4,9.65,1.5
38075,9.3,10.8,10.05,1.5
38077,7.5,8.4,7.95,0.9
38079,13.6,12.9,13.25,-0.7
38081,9.3,9.4,9.35,0.1
38083,10.6,11.5,11.05,0.9
38085,12.4,13.3,12.85,0.9
38087,8.5,9.3,8.9,0.8
38089,8.1,8.0,8.05,-0.1
38091,9.7,11.4,10.55,1.7
38093,8.4,8.8,8.6,0.4
38095,9.7,11.2,10.45,1.5
38097,8.0,8.5,8.25,0.5
38099,8.6,9.5,9.05,0.9
38101,8.2,7.8,8.0,-0.4
38103,9.8,10.9,10.35,1.1
38105,8.5,8.3,8.4,-0.2
39001,10.9,11.4,11.15,0.5
39003,11.7,13.0,12.35,1.3
39005,10.5,11.6,11.05,1.1
39007,10.1,13.3,11.7,3.2
39009,9.6,11.1,10.35,1.5
39011,10.6,11.1,10.85,0.5
39013,11.2,15.1,13.15,3.9
39015,10.2,13.6,11.9,3.4
39017,10.6,12.0,11.3,1.4
39019,10.6,12.7,11.65,2.1
39021,10.4,13.2,11.8,2.8
39023,11.8,12.9,12.35,1.1
39025,9.6,11.7,10.65,2.1
39027,10.5,11.7,11.1,1.2
39029,11.3,12.5,11.9,1.2
39031,10.6,14.6,12.6,4.0
39033,11.7,13.3,12.5,1.6
39035,11.1,12.0,11.55,0.9
39037,10.6,12.8,11.7,2.2
39039,10.8,11.6,11.2,0.8
39041,8.7,9.2,8.95,0.5
39043,11.6,11.1,11.35,-0.5
39045,10.4,11.1,10.75,0.7
39047,11.7,13.0,12.35,1.3
39049,10.3,9.9,10.1,-0.4
39051,11.5,13.4,12.45,1.9
39053,11.2,14.5,12.85,3.3
39055,10.2,11.8,11.0,1.6
39057,10.1,10.5,10.3,0.4
39059,11.4,12.6,12.0,1.2
39061,10.2,11.0,10.6,0.8
39063,9.3,11.5,10.4,2.2
39065,10.5,9.6,10.05,-0.9
39067,12.4,13.2,12.8,0.8
39069,10.9,11.8,11.35,0.9
39071,10.1,11.0,10.55,0.9
39073,11.3,14.6,12.95,3.3
39075,9.2,10.3,9.75,1.1
39077,10.0,12.8,11.4,2.8
39079,11.2,14.2,12.7,3.0
39081,13.5,15.4,14.45,1.9
39083,10.1,11.0,10.55,0.9
39085,11.0,11.2,11.1,0.2
39087,11.7,15.7,13.7,4.0
39089,11.3,11.0,11.15,-0.3
39091,11.2,13.4,12.3,2.2
39093,10.8,11.5,11.15,0.7
39095,10.7,12.3,11.5,1.6
39097,10.8,10.7,10.75,-0.1
39099,10.7,12.5,11.6,1.8
39101,11.0,12.9,11.95,1.9
39103,8.8,9.6,9.2,0.8
39105,10.4,16.7,13.55,6.3
39107,10.7,11.0,10.85,0.3
39109,11.1,12.8,11.95,1.7
39111,11.6,14.9,13.25,3.3
39113,11.9,13.0,12.45,1.1
39115,11.6,14.8,13.2,3.2
39117,9.5,12.2,10.85,2.7
39119,11.4,12.9,12.15,1.5
39121,9.5,14.0,11.75,4.5
39123,10.6,11.1,10.85,0.5
39125,10.8,12.4,11.6,1.6
39127,10.0,13.1,11.55,3.1
39129,10.9,12.4,11.65,1.5
39131,10.9,13.6,12.25,2.7
39133,9.4,9.1,9.25,-0.3
39135,10.9,12.6,11.75,1.7
39137,10.9,9.9,10.4,-1.0
39139,11.0,11.9,11.45,0.9
39141,10.3,13.3,11.8,3.0
39143,10.9,12.9,11.9,2.0
39145,10.8,16.0,13.4,5.2
39147,10.0,13.5,11.75,3.5
39149,10.1,11.3,10.7,1.2
39151,11.5,12.9,12.2,1.4
39153,10.7,10.4,10.55,-0.3
39155,11.3,12.3,11.8,1.0
39157,10.9,12.7,11.8,1.8
39159,8.8,10.2,9.5,1.4
39161,10.6,14.8,12.7,4.2
39163,10.4,17.0,13.7,6.6
39165,9.5,9.7,9.6,0.2
39167,12.2,14.4,13.3,2.2
39169,10.4,12.3,11.35,1.9
39171,10.2,12.8,11.5,2.6
39173,9.7,11.0,10.35,1.3
39175,11.2,12.5,11.85,1.3
40001,13.3,14.3,13.8,1.0
40003,11.2,13.2,12.2,2.0
40005,11.5,12.8,12.15,1.3
40007,10.7,13.4,12.05,2.7
40009,10.3,10.0,10.15,-0.3
40011,9.7,14.2,11.95,4.5
40013,10.9,11.4,11.15,0.5
40015,11.5,12.6,12.05,1.1
40017,10.6,11.9,11.25,1.3
40019,10.2,12.5,11.35,2.3
40021,11.3,14.6,12.95,3.3
40023,12.5,15.5,14.0,3.0
40025,11.2,12.5,11.85,1.3
40027,9.2,10.4,9.8,1.2
40029,12.1,12.9,12.5,0.8
40031,9.7,11.1,10.4,1.4
40033,11.2,14.5,12.85,3.3
40035,13.2,13.1,13.15,-0.1
40037,11.1,14.8,12.95,3.7
40039,10.5,11.7,11.1,1.2
40041,12.6,14.2,13.4,1.6
40043,11.7,13.9,12.8,2.2
40045,12.1,13.0,12.55,0.9
40047,10.4,9.8,10.1,-0.6
40049,11.1,13.2,12.15,2.1
40051,8.6,12.0,10.3,3.4
40053,12.3,13.0,12.65,0.7
40055,10.7,12.9,11.8,2.2
40057,12.5,14.0,13.25,1.5
40059,12.5,12.4,12.45,-0.1
40061,11.5,18.0,14.75,6.5
40063,12.6,15.6,14.1,3.0
40065,12.9,12.8,12.85,-0.1
40067,11.7,13.7,12.7,2.0
40069,11.8,13.7,12.75,1.9
40071,11.4,12.7,12.05,1.3
40073,11.4,12.2,11.8,0.8
40075,11.5,13.6,12.55,2.1
40077,12.2,15.0,13.6,2.8
40079,11.6,14.2,12.9,2.6
40081,11.7,14.4,13.05,2.7
40083,10.8,12.1,11.45,1.3
40085,12.3,15.0,13.65,2.7
40087,10.1,11.1,10.6,1.0
40089,11.1,14.0,12.55,2.9
40091,11.7,13.8,12.75,2.1
40093,10.4,11.6,11.0,1.2
40095,11.6,13.4,12.5,1.8
40097,11.3,13.8,12.55,2.5
40099,12.0,13.4,12.7,1.4
40101,13.1,13.3,13.2,0.2
40103,11.4,13.2,12.3,1.8
40105,12.4,15.1,13.75,2.7
40107,12.7,13.4,13.05,0.7
40109,10.2,10.2,10.2,0.0
40111,10.5,12.5,11.5,2.0
40113,11.4,12.4,11.9,1.0
40115,13.3,15.6,14.45,2.3
40117,13.6,13.4,13.5,-0.2
40119,9.4,7.1,8.25,-2.3
40121,11.6,13.1,12.35,1.5
40123,10.9,11.9,11.4,1.0
40125,10.5,14.1,12.3,3.6
40127,12.3,16.8,14.55,4.5
40129,11.5,12.5,12.0,1.0
40131,10.6,10.7,10.65,0.1
40133,11.3,14.4,12.85,3.1
40135,13.1,13.5,13.3,0.4
40137,11.2,13.5,12.35,2.3
40139,8.2,9.6,8.9,1.4
40141,13.9,14.3,14.1,0.4
40143,9.6,10.6,10.1,1.0
40145,10.7,11.4,11.05,0.7
40147,10.3,14.0,12.15,3.7
40149,11.0,12.6,11.8,1.6
40151,10.0,12.4,11.2,2.4
40153,10.9,11.5,11.2,0.6
41001,10.7,12.0,11.35,1.3
41003,6.8,7.8,7.3,1.0
41005,7.7,9.8,8.75,2.1
41007,8.4,11.0,9.7,2.6
41009,7.9,10.6,9.25,2.7
41011,11.7,12.8,12.25,1.1
41013,8.9,12.5,10.7,3.6
41015,9.9,11.9,10.9,2.0
41017,6.5,7.8,7.15,1.3
41019,11.4,11.4,11.4,0.0
41021,9.9,11.6,10.75,1.7
41023,10.4,12.4,11.4,2.0
41025,9.8,11.2,10.5,1.4
41027,7.2,8.5,7.85,1.3
41029,7.5,8.9,8.2,1.4
41031,8.3,11.2,9.75,2.9
41033,8.6,9.3,8.95,0.7
41035,8.6,10.8,9.7,2.2
41037,9.5,11.5,10.5,2.0
41039,6.9,7.8,7.35,0.9
41041,9.7,13.3,11.5,3.6
41043,8.5,11.2,9.85,2.7
41045,7.7,8.9,8.3,1.2
41047,8.0,10.3,9.15,2.3
41049,8.5,11.4,9.95,2.9
41051,7.3,7.7,7.5,0.4
41053,7.9,9.3,8.6,1.4
41055,9.5,11.1,10.3,1.6
41057,8.5,11.4,9.95,2.9
41059,8.9,9.9,9.4,1.0
41061,7.7,9.2,8.45,1.5
41063,9.6,11.4,10.5,1.8
41065,8.1,11.0,9.55,2.9
41067,6.4,8.4,7.4,2.0
41069,8.6,12.6,10.6,4.0
41071,7.7,9.6,8.65,1.9
42001,8.2,11.6,9.9,3.4
42003,9.5,9.7,9.6,0.2
42005,10.4,11.7,11.05,1.3
42007,10.2,11.4,10.8,1.2
42009,8.9,13.2,11.05,4.3
42011,7.6,11.0,9.3,3.4
42013,9.6,11.7,10.65,2.1
42015,9.6,10.9,10.25,1.3
42017,8.7,9.6,9.15,0.9
42019,8.7,10.9,9.8,2.2
42021,11.2,13.1,12.15,1.9
42023,9.9,10.4,10.15,0.5
42025,9.3,10.7,10.0,1.4
42027,7.9,7.8,7.85,-0.1
42029,7.9,7.9,7.9,0.0
42031,9.6,11.7,10.65,2.1
42033,9.6,13.7,11.65,4.1
42035,8.8,10.9,9.85,2.1
42037,8.9,11.9,10.4,3.0
42039,11.1,11.7,11.4,0.6
42041,9.9,9.4,9.65,-0.5
42043,9.2,11.9,10.55,2.7
42045,9.5,9.0,9.25,-0.5
42047,9.4,10.5,9.95,1.1
42049,9.0,11.6,10.3,2.6
42051,12.4,15.9,14.15,3.5
42053,9.1,11.3,10.2,2.2
42055,9.0,11.4,10.2,2.4
42057,9.4,11.9,10.65,2.5
42059,9.6,12.5,11.05,2.9
42061,9.6,11.5,10.55,1.9
42063,8.8,9.7,9.25,0.9
42065,10.1,11.5,10.8,1.4
42067,10.3,12.3,11.3,2.0
42069,9.6,11.5,10.55,1.9
42071,8.0,9.7,8.85,1.7
42073,10.4,12.5,11.45,2.1
42075,9.9,10.1,10.0,0.2
42077,9.4,10.8,10.1,1.4
42079,9.9,11.7,10.8,1.8
42081,9.1,10.7,9.9,1.6
42083,9.3,10.4,9.85,1.1
42085,10.1,12.2,11.15,2.1
42087,9.3,12.5,10.9,3.2
42089,8.3,11.2,9.75,2.9
42091,8.0,7.4,7.7,-0.6
42093,10.2,12.4,11.3,2.2
42095,8.8,11.2,10.0,2.4
42097,9.5,12.1,10.8,2.6
42099,9.7,10.3,10.0,0.6
42101,11.0,11.5,11.25,0.5
42103,9.2,10.5,9.85,1.3
42105,10.2,12.1,11.15,1.9
42107,9.8,11.4,10.6,1.6
42109,9.1,9.9,9.5,0.8
42111,9.7,12.5,11.1,2.8
42113,10.8,13.1,11.95,2.3
42115,9.1,10.1,9.6,1.0
42117,9.9,12.0,10.95,2.1
42119,8.5,10.2,9.35,1.7
42121,8.9,13.2,11.05,4.3
42123,10.2,12.5,11.35,2.3
42125,11.0,11.8,11.4,0.8
42127,9.8,12.6,11.2,2.8
42129,9.4,11.8,10.6,2.4
42131,9.3,10.8,10.05,1.5
42133,9.0,11.3,10.15,2.3
44001,7.1,8.8,7.95,1.7
44003,8.8,9.9,9.35,1.1
44005,7.2,8.5,7.85,1.3
44007,8.2,9.9,9.05,1.7
44009,6.7,9.1,7.9,2.4
45001,13.4,17.0,15.2,3.6
45003,10.9,12.8,11.85,1.9
45005,14.0,19.2,16.6,5.2
45007,12.1,13.2,12.65,1.1
45009,15.2,17.0,16.1,1.8
45011,13.6,17.3,15.45,3.7
45013,8.2,9.8,9.0,1.6
45015,12.5,13.5,13.0,1.0
45017,13.6,18.6,16.1,5.0
45019,9.3,11.1,10.2,1.8
45021,12.2,14.4,13.3,2.2
45023,13.0,13.8,13.4,0.8
45025,12.8,14.8,13.8,2.0
45027,13.9,17.2,15.55,3.3
45029,13.3,16.5,14.9,3.2
45031,13.5,14.6,14.05,1.1
45033,13.5,16.5,15.0,3.0
45035,10.1,10.4,10.25,0.3
45037,10.0,14.1,12.05,4.1
45039,14.5,18.6,16.55,4.1
45041,12.0,14.1,13.05,2.1
45043,12.7,14.4,13.55,1.7
45045,8.9,10.4,9.65,1.5
45047,12.1,13.2,12.65,1.1
45049,14.7,15.1,14.9,0.4
45051,10.6,11.1,10.85,0.5
45053,13.0,15.0,14.0,2.0
45055,11.7,12.6,12.15,0.9
45057,12.0,11.8,11.9,-0.2
45059,11.7,15.0,13.35,3.3
45061,13.8,16.9,15.35,3.1
45063,9.1,9.9,9.5,0.8
45065,13.9,17.6,15.75,3.7
45067,14.4,17.2,15.8,2.8
45069,13.5,15.2,14.35,1.7
45071,11.3,15.7,13.5,4.4
45073,11.7,12.0,11.85,0.3
45075,14.3,15.1,14.7,0.8
45077,10.0,11.9,10.95,1.9
45079,10.8,11.1,10.95,0.3
45081,11.8,13.0,12.4,1.2
45083,10.6,12.8,11.7,2.2
45085,13.4,14.3,13.85,0.9
45087,12.1,15.6,13.85,3.5
45089,14.4,17.5,15.95,3.1
45091,9.0,12.0,10.5,3.0
46003,8.8,8.7,8.75,-0.1
46005,8.1,9.4,8.75,1.3
46007,10.5,14.6,12.55,4.1
46009,8.0,9.4,8.7,1.4
46011,6.1,6.1,6.1,0.0
46013,7.6,8.4,8.0,0.8
46015,7.7,10.1,8.9,2.4
46017,13.6,16.2,14.9,2.6
46019,8.1,8.4,8.25,0.3
46021,9.7,9.9,9.8,0.2
46023,10.1,11.7,10.9,1.6
46025,8.9,10.4,9.65,1.5
46027,5.8,7.7,6.75,1.9
46029,6.7,8.3,7.5,1.6
46031,11.9,13.3,12.6,1.4
46033,7.9,10.7,9.3,2.8
46035,7.2,9.4,8.3,2.2
46037,9.6,11.2,10.4,1.6
46039,8.3,10.8,9.55,2.5
46041,13.5,15.6,14.55,2.1
46043,9.5,11.0,10.25,1.5
46045,8.5,9.0,8.75,0.5
46047,9.8,11.2,10.5,1.4
46049,8.7,9.8,9.25,1.1
46051,9.3,8.3,8.8,-1.0
46053,10.9,10.4,10.65,-0.5
46055,9.4,10.3,9.85,0.9
46057,8.0,9.7,8.85,1.7
46059,10.0,10.5,10.25,0.5
46061,7.0,8.3,7.65,1.3
46063,7.5,8.1,7.8,0.6
46065,8.9,9.5,9.2,0.6
46067,8.8,10.5,9.65,1.7
46069,10.2,10.5,10.35,0.3
46071,11.4,11.2,11.3,-0.2
46073,8.6,9.9,9.25,1.3
46075,8.7,10.9,9.8,2.2
46077,8.2,10.0,9.1,1.8
46079,7.2,8.6,7.9,1.4
46081,6.8,7.3,7.05,0.5
46083,5.5,6.6,6.05,1.1
46085,10.2,10.4,10.3,0.2
46087,7.9,9.0,8.45,1.1
46089,9.4,11.8,10.6,2.4
46091,9.4,9.6,9.5,0.2
46093,7.3,8.4,7.85,1.1
46095,12.1,13.2,12.65,1.1
46097,9.1,10.6,9.85,1.5
46099,7.0,7.9,7.45,0.9
46101,8.3,11.0,9.65,2.7
46103,7.5,8.4,7.95,0.9
46105,9.6,10.1,9.85,0.5
46107,9.5,11.0,10.25,1.5
46109,9.9,12.0,10.95,2.1
46111,8.0,10.2,9.1,2.2
46113,12.4,15.8,14.1,3.4
46115,8.7,9.9,9.3,1.2
46117,7.9,9.8,8.85,1.9
46119,8.2,9.3,8.75,1.1
46121,12.0,18.2,15.1,6.2
46123,9.3,10.7,10.0,1.4
46125,8.7,8.4,8.55,-0.3
46127,7.1,9.2,8.15,2.1
46129,10.4,10.7,10.55,0.3
46135,8.0,7.9,7.95,-0.1
46137,12.2,16.5,14.35,4.3
47001,13.1,12.3,12.7,-0.8
47003,11.3,11.5,11.4,0.2
47005,13.5,14.3,13.9,0.8
47007,11.6,12.5,12.05,0.9
47009,11.2,13.7,12.45,2.5
47011,12.0,14.3,13.15,2.3
47013,13.2,13.4,13.3,0.2
47015,10.5,12.9,11.7,2.4
47017,12.7,14.6,13.65,1.9
47019,12.8,14.2,13.5,1.4
47021,10.0,12.3,11.15,2.3
47023,13.3,14.7,14.0,1.4
47025,11.4,14.8,13.1,3.4
47027,11.8,13.9,12.85,2.1
47029,13.2,15.8,14.5,2.6
47031,13.1,13.1,13.1,0.0
47033,12.9,13.8,13.35,0.9
47035,11.5,18.2,14.85,6.7
47037,9.4,10.6,10.0,1.2
47039,12.4,15.0,13.7,2.6
47041,11.7,14.4,13.05,2.7
47043,10.7,12.6,11.65,1.9
47045,12.7,15.8,14.25,3.1
47047,11.5,17.6,14.55,6.1
47049,12.6,14.6,13.6,2.0
47051,11.8,13.1,12.45,1.3
47053,13.0,13.1,13.05,0.1
47055,12.2,14.4,13.3,2.2
47057,12.3,14.4,13.35,2.1
47059,11.0,12.3,11.65,1.3
47061,11.3,15.2,13.25,3.9
47063,12.4,13.9,13.15,1.5
47065,11.3,12.2,11.75,0.9
47067,11.9,13.0,12.45,1.1
47069,12.3,14.7,13.5,2.4
47071,11.7,13.8,12.75,2.1
47073,13.7,14.4,14.05,0.7
47075,13.2,15.3,14.25,2.1
47077,10.9,15.9,13.4,5.0
47079,11.7,14.0,12.85,2.3
47081,10.9,12.2,11.55,1.3
47083,12.1,15.2,13.65,3.1
47085,12.5,14.1,13.3,1.6
47087,13.5,13.8,13.65,0.3
47089,11.4,12.3,11.85,0.9
47091,11.5,14.1,12.8,2.6
47093,11.2,11.2,11.2,0.0
47095,11.1,13.5,12.3,2.4
47097,10.2,15.4,12.8,5.2
47099,12.6,14.2,13.4,1.6
47101,11.7,14.5,13.1,2.8
47103,10.7,14.2,12.45,3.5
47105,12.0,13.3,12.65,1.3
47107,12.1,14.1,13.1,2.0
47109,14.1,16.9,15.5,2.8
47111,12.2,14.2,13.2,2.0
47113,11.2,14.2,12.7,3.0
47115,11.9,15.9,13.9,4.0
47117,12.0,14.4,13.2,2.4
47119,11.6,11.9,11.75,0.3
47121,11.4,14.2,12.8,2.8
47123,11.4,14.7,13.05,3.3
47125,11.7,9.8,10.75,-1.9
47127,11.9,14.0,12.95,2.1
47129,11.5,12.3,11.9,0.8
47131,13.4,15.5,14.45,2.1
47133,11.1,15.1,13.1,4.0
47135,11.5,16.3,13.9,4.8
47137,13.1,15.0,14.05,1.9
47139,12.0,13.7,12.85,1.7
47141,11.3,12.5,11.9,1.2
47143,11.5,13.7,12.6,2.2
47145,12.6,13.4,13.0,0.8
47147,11.9,12.8,12.35,0.9
47149,9.3,9.9,9.6,0.6
47151,11.8,13.4,12.6,1.6
47153,10.7,13.5,12.1,2.8
47155,12.0,12.2,12.1,0.2
47157,11.9,12.2,12.05,0.3
47159,11.8,13.6,12.7,1.8
47161,11.5,15.2,13.35,3.7
47163,12.9,14.4,13.65,1.5
47165,11.6,11.8,11.7,0.2
47167,11.1,13.5,12.3,2.4
47169,11.9,13.2,12.55,1.3
47171,13.9,14.7,14.3,0.8
47173,11.0,13.8,12.4,2.8
47175,11.9,14.6,13.25,2.7
47177,10.5,16.3,13.4,5.8
47179,11.4,12.9,12.15,1.5
47181,10.6,12.3,11.45,1.7
47183,10.8,14.7,12.75,3.9
47185,11.2,13.6,12.4,2.4
47187,8.6,9.2,8.9,0.6
47189,10.4,12.7,11.55,2.3
48001,10.6,11.7,11.15,1.1
48003,9.1,8.8,8.95,-0.3
48005,9.3,12.9,11.1,3.6
48007,10.9,12.1,11.5,1.2
48009,10.2,10.6,10.4,0.4
48011,10.4,10.6,10.5,0.2
48013,8.9,10.8,9.85,1.9
48015,9.8,9.7,9.75,-0.1
48017,9.4,9.5,9.45,0.1
48019,9.4,11.3,10.35,1.9
48021,10.3,9.7,10.0,-0.6
48023,10.8,12.2,11.5,1.4
48025,8.1,8.7,8.4,0.6
48027,10.9,9.2,10.05,-1.7
48029,8.1,8.9,8.5,0.8
48031,8.7,11.2,9.95,2.5
48033,9.5,11.3,10.4,1.8
48035,9.9,10.2,10.05,0.3
48037,9.5,12.7,11.1,3.2
48039,10.3,9.1,9.7,-1.2
48041,7.4,7.6,7.5,0.2
48043,8.2,9.7,8.95,1.5
48045,11.7,11.2,11.45,-0.5
48047,9.9,10.8,10.35,0.9
48049,9.6,9.5,9.55,-0.1
48051,11.0,12.2,11.6,1.2
48053,9.6,10.0,9.8,0.4
48055,9.0,9.8,9.4,0.8
48057,9.5,11.6,10.55,2.1
48059,9.5,11.0,10.25,1.5
48061,8.7,9.3,9.0,0.6
48063,10.5,11.2,10.85,0.7
48065,10.6,11.0,10.8,0.4
48067,11.0,13.7,12.35,2.7
48069,10.1,9.3,9.7,-0.8
48071,9.3,9.6,9.45,0.3
48073,9.2,11.6,10.4,2.4
48075,9.1,9.0,9.05,-0.1
48077,9.4,11.2,10.3,1.8
48079,10.6,10.9,10.75,0.3
48081,11.3,12.6,11.95,1.3
48083,10.2,11.6,10.9,1.4
48085,7.4,7.9,7.65,0.5
48087,10.7,10.7,10.7,0.0
48089,11.0,11.3,11.15,0.3
48091,8.5,8.8,8.65,0.3
48093,10.4,10.8,10.6,0.4
48095,8.3,8.7,8.5,0.4
48097,11.3,10.3,10.8,-1.0
48099,8.1,9.1,8.6,1.0
48101,12.0,12.3,12.15,0.3
48103,10.1,8.8,9.45,-1.3
48105,10.1,9.9,10.0,-0.2
48107,9.9,9.8,9.85,-0.1
48109,10.0,10.0,10.0,0.0
48111,8.8,8.0,8.4,-0.8
48113,9.3,9.1,9.2,-0.2
48115,9.8,9.1,9.45,-0.7
48117,9.3,8.7,9.0,-0.6
48119,10.3,11.9,11.1,1.6
48121,8.5,8.0,8.25,-0.5
48123,10.5,11.6,11.05,1.1
48125,9.8,9.9,9.85,0.1
48127,9.1,9.3,9.2,0.2
48129,10.9,11.1,11.0,0.2
48131,9.4,9.9,9.65,0.5
48133,10.4,12.2,11.3,1.8
48135,9.4,8.9,9.15,-0.5
48137,9.0,11.8,10.4,2.8
48139,8.3,9.9,9.1,1.6
48141,7.7,9.5,8.6,1.8
48143,8.8,8.9,8.85,0.1
48145,11.0,11.5,11.25,0.5
48147,9.6,10.4,10.0,0.8
48149,10.8,11.6,11.2,0.8
48151,10.8,11.7,11.25,0.9
48153,10.7,11.4,11.05,0.7
48155,11.4,11.7,11.55,0.3
48157,8.2,8.4,8.3,0.2
48159,9.5,11.3,10.4,1.8
48161,10.1,11.0,10.55,0.9
48163,8.2,8.6,8.4,0.4
48165,9.0,8.9,8.95,-0.1
48167,9.7,9.8,9.75,0.1
48169,9.6,8.3,8.95,-1.3
48171,10.1,13.3,11.7,3.2
48173,9.7,9.6,9.65,-0.1
48175,10.0,11.9,10.95,1.9
48177,10.1,12.0,11.05,1.9
48179,10.7,10.9,10.8,0.2
48181,9.0,9.3,9.15,0.3
48183,10.3,11.0,10.65,0.7
48185,9.9,11.9,10.9,2.0
48187,8.5,10.0,9.25,1.5
48189,9.5,10.3,9.9,0.8
48191,11.2,12.4,11.8,1.2
48193,10.6,11.8,11.2,1.2
48195,9.3,9.7,9.5,0.4
48197,10.4,10.9,10.65,0.5
48199,10.4,9.9,10.15,-0.5
48201,8.8,8.5,8.65,-0.3
48203,11.1,11.9,11.5,0.8
48205,9.4,9.6,9.5,0.2
48207,11.7,10.5,11.1,-1.2
48209,6.8,8.7,7.75,1.9
48211,10.2,9.4,9.8,-0.8
48213,10.2,10.9,10.55,0.7
48215,9.6,9.7,9.65,0.1
48217,10.0,10.1,10.05,0.1
48219,9.5,8.7,9.1,-0.8
48221,10.0,11.7,10.85,1.7
48223,10.6,10.5,10.55,-0.1
48225,11.5,11.3,11.4,-0.2
48227,9.0,9.7,9.35,0.7
48229,10.0,10.0,10.0,0.0
48231,10.1,10.3,10.2,0.2
48233,10.9,10.5,10.7,-0.4
48235,9.5,10.6,10.05,1.1
48237,9.8,9.7,9.75,-0.1
48239,11.2,10.9,11.05,-0.3
48241,10.9,13.2,12.05,2.3
48243,10.0,12.4,11.2,2.4
48245,11.2,10.8,11.0,-0.4
48247,10.1,9.9,10.0,-0.2
48249,9.0,9.2,9.1,0.2
48251,10.0,9.4,9.7,-0.6
48253,9.1,9.0,9.05,-0.1
48255,8.6,9.5,9.05,0.9
48257,8.5,9.2,8.85,0.7
48259,8.3,8.9,8.6,0.6
48261,9.4,9.2,9.3,-0.2
48263,11.3,12.0,11.65,0.7
48265,10.7,13.4,12.05,2.7
48267,10.2,11.6,10.9,1.4
48269,9.2,10.5,9.85,1.3
48271,10.8,10.8,10.8,0.0
48273,8.3,9.2,8.75,0.9
48275,12.0,11.2,11.6,-0.8
48277,10.8,11.6,11.2,0.8
48279,10.1,10.2,10.15,0.1
48281,9.2,10.2,9.7,1.0
48283,8.7,8.2,8.45,-0.5
48285,11.3,11.7,11.5,0.4
48287,10.1,10.8,10.45,0.7
48289,10.5,13.8,12.15,3.3
48291,9.4,11.0,10.2,1.6
48293,10.7,11.8,11.25,1.1
48295,9.8,9.5,9.65,-0.3
48297,9.6,10.8,10.2,1.2
48299,11.3,13.3,12.3,2.0
48301,11.3,10.5,10.9,-0.8
48303,7.7,8.6,8.15,0.9
48305,10.2,10.4,10.3,0.2
48307,10.4,11.0,10.7,0.6
48309,10.1,9.0,9.55,-1.1
48311,10.8,11.8,11.3,1.0
48313,9.5,9.1,9.3,-0.4
48315,12.4,12.5,12.45,0.1
48317,9.2,8.8,9.0,-0.4
48319,10.3,12.5,11.4,2.2
48321,11.3,11.2,11.25,-0.1
48323,9.4,8.7,9.05,-0.7
48325,9.0,11.2,10.1,2.2
48327,11.1,12.9,12.0,1.8
48329,8.3,8.6,8.45,0.3
48331,11.4,11.9,11.65,0.5
48333,10.3,11.7,11.0,1.4
48335,9.9,8.9,9.4,-1.0
48337,10.4,10.7,10.55,0.3
48339,8.4,10.1,9.25,1.7
48341,8.6,9.0,8.8,0.4
48343,13.0,11.1,12.05,-1.9
48345,11.6,13.0,12.3,1.4
48347,9.2,11.3,10.25,2.1
48349,9.7,10.1,9.9,0.4
48351,10.9,11.7,11.3,0.8
48353,10.8,10.4,10.6,-0.4
48355,10.5,9.9,10.2,-0.6
48357,8.4,8.2,8.3,-0.2
48359,9.9,9.3,9.6,-0.6
48361,9.8,8.9,9.35,-0.9
48363,9.3,12.0,10.65,2.7
48365,10.5,10.9,10.7,0.4
48367,9.3,10.5,9.9,1.2
48369,9.8,9.4,9.6,-0.4
48371,9.4,9.8,9.6,0.4
48373,11.0,10.8,10.9,-0.2
48375,8.9,8.9,8.9,0.0
48377,9.7,10.3,10.0,0.6
48379,9.7,11.8,10.75,2.1
48381,8.6,8.2,8.4,-0.4
48383,9.6,8.9,9.25,-0.7
48385,10.6,12.1,11.35,1.5
48387,11.2,11.9,11.55,0.7
48389,10.2,8.1,9.15,-2.1
48391,10.7,10.9,10.8,0.2
48393,10.2,10.3,10.25,0.1
48395,11.5,10.9,11.2,-0.6
48397,8.1,8.9,8.5,0.8
48399,11.0,11.5,11.25,0.5
48401,11.3,10.8,11.05,-0.5
48403,11.8,13.2,12.5,1.4
48405,12.2,13.7,12.95,1.5
48407,10.4,12.6,11.5,2.2
48409,10.1,10.5,10.3,0.4
48411,9.9,11.4,10.65,1.5
48413,10.1,9.8,9.95,-0.3
48415,9.1,9.1,9.1,0.0
48417,10.1,10.4,10.25,0.3
48419,10.6,11.7,11.15,1.1
48421,8.9,10.0,9.45,1.1
48423,9.1,10.2,9.65,1.1
48425,9.3,10.7,10.0,1.4
48427,8.5,8.4,8.45,-0.1
48429,9.7,10.0,9.85,0.3
48431,10.0,10.1,10.05,0.1
48433,11.4,12.0,11.7,0.6
48435,9.0,9.8,9.4,0.8
48437,10.4,9.9,10.15,-0.5
48439,8.4,11.0,9.7,2.6
48441,8.7,9.2,8.95,0.5
48443,11.6,10.6,11.1,-1.0
48445,9.5,9.8,9.65,0.3
48447,11.1,11.3,11.2,0.2
48449,9.1,9.5,9.3,0.4
48451,10.4,10.1,10.25,-0.3
48453,6.8,6.4,6.6,-0.4
48455,11.3,11.5,11.4,0.2
48457,10.4,12.3,11.35,1.9
48459,10.3,10.7,10.5,0.4
48461,10.5,9.6,10.05,-0.9
48463,9.5,10.5,10.0,1.0
48465,10.6,8.7,9.65,-1.9
48467,9.5,10.8,10.15,1.3
48469,10.3,10.3,10.3,0.0
48471,8.8,9.0,8.9,0.2
48473,9.7,12.0,10.85,2.3
48475,9.9,9.7,9.8,-0.2
48477,11.4,11.8,11.6,0.4
48479,9.1,8.6,8.85,-0.5
48481,11.2,10.2,10.7,-1.0
48483,10.5,10.8,10.65,0.3
48485,10.6,12.3,11.45,1.7
48487,10.0,11.0,10.5,1.0
48489,9.0,8.3,8.65,-0.7
48491,6.9,7.4,7.15,0.5
48493,10.0,9.7,9.85,-0.3
48495,9.7,8.7,9.2,-1.0
48497,8.6,10.4,9.5,1.8
48499,11.2,11.7,11.45,0.5
48501,9.4,8.6,9.0,-0.8
48503,10.3,10.9,10.6,0.6
48505,8.9,8.3,8.6,-0.6
48507,8.7,8.7,8.7,0.0
49001,7.5,7.9,7.7,0.4
49003,7.5,9.9,8.7,2.4
49005,5.2,5.6,5.4,0.4
49007,8.9,9.6,9.25,0.7
49009,8.9,10.1,9.5,1.2
49011,5.8,7.4,6.6,1.6
49013,9.4,8.0,8.7,-1.4
49015,8.5,8.7,8.6,0.2
49017,8.7,9.7,9.2,1.0
49019,8.2,7.8,8.0,-0.4
49021,5.7,6.8,6.25,1.1
49023,7.2,10.2,8.7,3.0
49025,9.1,9.8,9.45,0.7
49027,7.9,9.3,8.6,1.4
49029,6.7,8.3,7.5,1.6
49031,8.7,10.1,9.4,1.4
49033,8.4,8.7,8.55,0.3
49035,6.9,7.2,7.05,0.3
49037,9.6,10.6,10.1,1.0
49039,7.4,7.9,7.65,0.5
49041,7.6,9.5,8.55,1.9
49043,3.9,4.2,4.05,0.3
49045,7.7,9.2,8.45,1.5
49047,8.7,8.0,8.35,-0.7
49049,5.6,5.5,5.55,-0.1
49051,5.6,6.5,6.05,0.9
49053,7.7,7.8,7.75,0.1
49055,8.5,8.5,8.5,0.0
49057,7.4,8.3,7.85,0.9
50001,5.9,6.7,6.3,0.8
50003,7.9,8.8,8.35,0.9
50005,7.4,8.2,7.8,0.8
50007,5.2,6.5,5.85,1.3
50009,6.8,10.2,8.5,3.4
50011,7.8,8.1,7.95,0.3
50013,6.5,7.4,6.95,0.9
50015,6.6,7.0,6.8,0.4
50017,6.9,7.7,7.3,0.8
50019,7.6,9.3,8.45,1.7
50021,8.1,9.4,8.75,1.3
50023,7.7,8.3,8.0,0.6
50025,7.2,7.5,7.35,0.3
50027,7.4,8.1,7.75,0.7
51001,11.8,13.6,12.7,1.8
51003,8.6,7.6,8.1,-1.0
51005,11.1,11.0,11.05,-0.1
51007,11.0,11.8,11.4,0.8
51009,12.2,12.7,12.45,0.5
51011,11.9,11.6,11.75,-0.3
51013,6.9,4.2,5.55,-2.7
51015,9.4,11.6,10.5,2.2
51017,11.2,10.9,11.05,-0.3
51019,9.1,11.1,10.1,2.0
51021,10.6,10.0,10.3,-0.6
51023,10.4,11.1,10.75,0.7
51025,12.5,12.0,12.25,-0.5
51027,13.3,14.6,13.95,1.3
51029,12.2,14.3,13.25,2.1
51031,10.5,11.0,10.75,0.5
51033,10.7,10.5,10.6,-0.2
51035,12.0,12.3,12.15,0.3
51036,14.5,14.2,14.35,-0.3
51037,11.5,12.0,11.75,0.5
51041,8.6,9.1,8.85,0.5
51043,10.3,10.7,10.5,0.4
51045,9.5,10.7,10.1,1.2
51047,9.1,10.6,9.85,1.5
51049,11.6,13.8,12.7,2.2
51051,10.5,10.4,10.45,-0.1
51053,11.6,11.4,11.5,-0.2
51057,12.8,14.1,13.45,1.3
51059,7.8,6.2,7.0,-1.6
51061,9.5,10.3,9.9,0.8
51063,9.5,9.5,9.5,0.0
51065,10.6,11.1,10.85,0.5
51067,10.2,11.1,10.65,0.9
51069,9.1,9.3,9.2,0.2
51071,11.1,10.6,10.85,-0.5
51073,9.6,11.1,10.35,1.5
51075,9.5,11.5,10.5,2.0
51077,11.6,11.0,11.3,-0.6
51079,8.7,9.9,9.3,1.2
51081,11.3,14.1,12.7,2.8
51083,14.7,15.9,15.3,1.2
51085,9.3,9.4,9.35,0.1
51087,9.1,9.7,9.4,0.6
51089,12.0,15.1,13.55,3.1
51091,11.4,12.4,11.9,1.0
51093,11.9,12.6,12.25,0.7
51095,9.5,10.5,10.0,1.0
51097,12.1,12.2,12.15,0.1
51099,8.9,9.3,9.1,0.4
51101,9.9,10.3,10.1,0.4
51103,13.4,13.8,13.6,0.4
51105,12.6,12.1,12.35,-0.5
51107,6.6,6.9,6.75,0.3
51109,10.2,10.9,10.55,0.7
51111,12.1,13.2,12.65,1.1
51113,9.9,11.4,10.65,1.5
51115,11.7,11.9,11.8,0.2
51117,12.7,13.7,13.2,1.0
51119,11.9,12.4,12.15,0.5
51121,6.6,6.8,6.7,0.2
51125,10.7,12.9,11.8,2.2
51127,9.5,9.9,9.7,0.4
51131,13.3,14.6,13.95,1.3
51133,13.2,14.8,14.0,1.6
51135,11.8,14.0,12.9,2.2
51137,9.9,10.1,10.0,0.2
51139,9.5,10.9,10.2,1.4
51141,11.4,12.5,11.95,1.1
51143,11.5,14.3,12.9,2.8
51145,8.9,10.7,9.8,1.8
51147,11.0,11.4,11.2,0.4
51149,9.4,12.3,10.85,2.9
51153,9.2,7.9,8.55,-1.3
51155,11.4,13.7,12.55,2.3
51157,10.7,11.7,11.2,1.0
51159,10.9,11.6,11.25,0.7
51161,10.2,11.5,10.85,1.3
51163,10.7,11.4,11.05,0.7
51165,9.5,9.9,9.7,0.4
51167,12.2,11.5,11.85,-0.7
51169,10.4,14.1,12.25,3.7
51171,11.5,10.5,11.0,-1.0
51173,9.8,9.7,9.75,-0.1
51175,11.5,12.6,12.05,1.1
51177,9.5,12.6,11.05,3.1
51179,8.1,8.3,8.2,0.2
51181,12.7,14.0,13.35,1.3
51183,12.0,13.5,12.75,1.5
51185,11.3,15.3,13.3,4.0
51187,9.9,10.6,10.25,0.7
51191,11.3,13.1,12.2,1.8
51193,12.5,13.5,13.0,1.0
51195,10.5,12.1,11.3,1.6
51197,11.2,12.1,11.65,0.9
51199,10.0,9.5,9.75,-0.5
51510,7.4,6.2,6.8,-1.2
51515,12.6,,,
51520,10.7,10.5,10.6,-0.2
51530,10.3,9.7,10.0,-0.6
51540,8.9,8.3,8.6,-0.6
51550,9.7,10.2,9.95,0.5
51570,10.3,11.6,10.95,1.3
51580,11.1,10.7,10.9,-0.4
51590,12.9,15.3,14.1,2.4
51595,13.4,13.4,13.4,0.0
51600,9.6,7.5,8.55,-2.1
51610,10.5,10.2,10.35,-0.3
51620,13.0,14.9,13.95,1.9
51630,10.0,8.9,9.45,-1.1
51640,10.7,10.8,10.75,0.1
51650,11.5,12.4,11.95,0.9
51660,7.7,6.7,7.2,-1.0
51670,11.8,13.6,12.7,1.8
51678,9.7,8.1,8.9,-1.6
51680,11.3,11.3,11.3,0.0
51683,10.4,8.2,9.3,-2.2
51685,8.8,7.9,8.35,-0.9
51690,13.2,12.8,13.0,-0.4
51700,9.9,12.7,11.3,2.8
51710,10.4,9.2,9.8,-1.2
51720,10.3,9.6,9.95,-0.7
51730,14.8,15.6,15.2,0.8
51735,10.1,11.5,10.8,1.4
51740,12.5,14.0,13.25,1.5
51750,7.7,6.9,7.3,-0.8
51760,12.7,10.3,11.5,-2.4
51770,11.7,11.9,11.8,0.2
51775,9.9,9.3,9.6,-0.6
51790,11.2,10.2,10.7,-1.0
51800,10.9,10.9,10.9,0.0
51810,9.5,8.0,8.75,-1.5
51820,10.6,9.5,10.05,-1.1
51830,9.0,8.9,8.95,-0.1
51840,9.9,8.9,9.4,-1.0
53001,11.1,11.0,11.05,-0.1
53003,10.0,12.9,11.45,2.9
53005,8.7,9.5,9.1,0.8
53007,8.2,9.4,8.8,1.2
53009,9.4,11.4,10.4,2.0
53011,8.4,9.6,9.0,1.2
53013,10.6,11.9,11.25,1.3
53015,9.1,11.8,10.45,2.7
53017,7.1,8.6,7.85,1.5
53019,7.7,10.7,9.2,3.0
53021,7.1,7.1,7.1,0.0
53023,11.7,14.4,13.05,2.7
53025,9.0,9.0,9.0,0.0
53027,11.4,11.6,11.5,0.2
53029,8.4,9.4,8.9,1.0
53031,7.5,11.2,9.35,3.7
53033,6.6,6.8,6.7,0.2
53035,8.2,8.7,8.45,0.5
53037,6.3,7.9,7.1,1.6
53039,8.8,10.3,9.55,1.5
53041,10.2,9.5,9.85,-0.7
53043,9.5,10.4,9.95,0.9
53045,8.5,11.1,9.8,2.6
53047,8.9,10.5,9.7,1.6
53049,12.2,12.6,12.4,0.4
53051,9.8,13.9,11.85,4.1
53053,9.0,9.4,9.2,0.4
53055,6.1,10.2,8.15,4.1
53057,7.9,9.1,8.5,1.2
53059,7.9,9.1,8.5,1.2
53061,7.8,9.9,8.85,2.1
53063,7.9,9.3,8.6,1.4
53065,8.5,10.6,9.55,2.1
53067,8.1,8.8,8.45,0.7
53069,11.8,12.8,12.3,1.0
53071,8.7,10.4,9.55,1.7
53073,6.8,7.9,7.35,1.1
53075,6.2,6.6,6.4,0.4
53077,9.5,10.2,9.85,0.7
54001,12.5,15.3,13.9,2.8
54003,9.8,10.5,10.15,0.7
54005,14.7,15.0,14.85,0.3
54007,13.1,15.9,14.5,2.8
54009,14.2,16.1,15.15,1.9
54011,14.3,13.5,13.9,-0.8
54013,11.5,14.0,12.75,2.5
54015,13.4,14.6,14.0,1.2
54017,12.3,13.0,12.65,0.7
54019,12.0,14.0,13.0,2.0
54021,12.3,11.8,12.05,-0.5
54023,12.3,15.7,14.0,3.4
54025,11.3,13.6,12.45,2.3
54027,11.3,13.4,12.35,2.1
54029,13.6,12.0,12.8,-1.6
54031,12.9,15.4,14.15,2.5
54033,13.8,14.3,14.05,0.5
54035,12.7,13.2,12.95,0.5
54037,10.2,10.1,10.15,-0.1
54039,12.8,14.1,13.45,1.3
54041,14.0,14.2,14.1,0.2
54043,14.2,15.7,14.95,1.5
54045,15.2,17.5,16.35,2.3
54047,15.3,17.6,16.45,2.3
54049,11.4,10.9,11.15,-0.5
54051,12.3,14.0,13.15,1.7
54053,13.1,13.2,13.15,0.1
54055,11.9,15.5,13.7,3.6
54057,11.6,14.1,12.85,2.5
54059,12.7,13.2,12.95,0.5
54061,8.4,9.1,8.75,0.7
54063,13.3,13.7,13.5,0.4
54065,11.7,14.3,13.0,2.6
54067,12.8,15.7,14.25,2.9
54069,12.2,12.2,12.2,0.0
54071,12.4,14.3,13.35,1.9
54073,12.0,13.7,12.85,1.7
54075,13.2,13.8,13.5,0.6
54077,10.9,10.6,10.75,-0.3
54079,11.4,11.7,11.55,0.3
54081,13.8,15.2,14.5,1.4
54083,12.0,12.7,12.35,0.7
54085,12.6,15.2,13.9,2.6
54087,13.8,16.1,14.95,2.3
54089,13.3,15.3,14.3,2.0
54091,11.5,11.8,11.65,0.3
54093,13.1,13.8,13.45,0.7
54095,12.2,13.7,12.95,1.5
54097,13.6,12.7,13.15,-0.9
54099,12.1,16.5,14.3,4.4
54101,13.5,16.7,15.1,3.2
54103,11.9,13.0,12.45,1.1
54105,14.2,14.8,14.5,0.6
54107,12.3,14.0,13.15,1.7
54109,15.2,14.9,15.05,-0.3
55001,9.7,12.8,11.25,3.1
55003,9.1,11.0,10.05,1.9
55005,8.5,9.0,8.75,0.5
55007,9.0,9.5,9.25,0.5
55009,7.4,9.3,8.35,1.9
55011,9.6,10.2,9.9,0.6
55013,10.1,10.6,10.35,0.5
55015,6.9,8.1,7.5,1.2
55017,7.8,8.2,8.0,0.4
55019,8.2,8.8,8.5,0.6
55021,7.8,8.0,7.9,0.2
55023,9.0,9.5,9.25,0.5
55025,6.3,6.3,6.3,0.0
55027,7.6,9.8,8.7,2.2
55029,8.9,10.0,9.45,1.1
55031,8.3,9.8,9.05,1.5
55033,6.6,9.4,8.0,2.8
55035,6.9,8.0,7.45,1.1
55037,9.0,11.8,10.4,2.8
55039,8.1,8.7,8.4,0.6
55041,10.2,12.5,11.35,2.3
55043,8.1,8.2,8.15,0.1
55045,7.9,10.5,9.2,2.6
55047,9.2,11.4,10.3,2.2
55049,8.6,8.6,8.6,0.0
55051,9.3,12.4,10.85,3.1
55053,8.8,9.8,9.3,1.0
55055,8.0,7.7,7.85,-0.3
55057,8.9,11.6,10.25,2.7
55059,7.9,8.9,8.4,1.0
55061,8.3,9.5,8.9,1.2
55063,7.3,8.1,7.7,0.8
55065,8.3,9.3,8.8,1.0
55067,9.0,9.8,9.4,0.8
55069,9.1,9.5,9.3,0.4
55071,8.2,8.6,8.4,0.4
55073,8.7,9.1,8.9,0.4
55075,8.5,11.5,10.0,3.0
55077,9.3,12.1,10.7,2.8
55078,12.6,13.9,13.25,1.3
55079,9.5,10.1,9.8,0.6
55081,8.7,8.9,8.8,0.2
55083,8.4,9.5,8.95,1.1
55085,9.2,10.1,9.65,0.9
55087,8.2,8.5,8.35,0.3
55089,7.9,9.1,8.5,1.2
55091,8.7,11.7,10.2,3.0
55093,6.8,8.6,7.7,1.8
55095,7.9,11.0,9.45,3.1
55097,7.0,7.5,7.25,0.5
55099,9.8,12.3,11.05,2.5
55101,8.4,10.6,9.5,2.2
55103,8.7,9.5,9.1,0.8
55105,8.3,10.2,9.25,1.9
55107,9.0,10.1,9.55,1.1
55109,6.9,7.2,7.05,0.3
55111,8.1,10.7,9.4,2.6
55113,9.5,11.0,10.25,1.5
55115,8.9,10.1,9.5,1.2
55117,8.2,9.7,8.95,1.5
55119,8.5,9.0,8.75,0.5
55121,8.9,8.9,8.9,0.0
55123,8.2,9.0,8.6,0.8
55125,9.2,12.2,10.7,3.0
55127,7.3,7.8,7.55,0.5
55129,9.6,10.5,10.05,0.9
55131,7.2,8.2,7.7,1.0
55133,7.2,7.9,7.55,0.7
55135,8.3,9.9,9.1,1.6
55137,8.6,10.6,9.6,2.0
55139,7.6,8.6,8.1,1.0
55141,8.7,8.1,8.4,-0.6
56001,5.0,6.9,5.95,1.9
56003,8.5,11.7,10.1,3.2
56005,6.5,7.0,6.75,0.5
56007,7.7,8.2,7.95,0.5
56009,6.7,10.2,8.45,3.5
56011,7.8,8.9,8.35,1.1
56013,8.2,9.6,8.9,1.4
56015,8.6,9.0,8.8,0.4
56017,8.8,11.0,9.9,2.2
56019,8.3,8.7,8.5,0.4
56021,8.1,10.1,9.1,2.0
56023,7.9,8.6,8.25,0.7
56025,7.4,9.0,8.2,1.6
56027,7.9,8.4,8.15,0.5
56029,6.7,8.0,7.35,1.3
56031,9.3,8.8,9.05,-0.5
56033,8.9,9.8,9.35,0.9
56035,5.3,6.9,6.1,1.6
56037,6.8,8.1,7.45,1.3
56039,4.1,4.8,4.45,0.7
56041,6.3,9.0,7.65,2.7
56043,10.5,12.0,11.25,1.5
56045,7.1,10.0,8.55,2.9
